ISO-10303-21;
HEADER;
FILE_DESCRIPTION (( 'STEP AP214' ),
    '1' );
FILE_NAME ('三通天线座.STEP',
    '2024-11-15T01:42:59',
    ( 'Windows 用户' ),
    ( '' ),
    'SwSTEP 2.0',
    'SolidWorks 2024',
    '' );
FILE_SCHEMA (( 'AUTOMOTIVE_DESIGN' ));
ENDSEC;

DATA;
#1 = LINE ( 'NONE', #3366, #3568 ) ;
#2 = VERTEX_POINT ( 'NONE', #2662 ) ;
#3 = FACE_OUTER_BOUND ( 'NONE', #3081, .T. ) ;
#4 = AXIS2_PLACEMENT_3D ( 'NONE', #3425, #158, #349 ) ;
#5 = ORIENTED_EDGE ( 'NONE', *, *, #697, .T. ) ;
#6 = ORIENTED_EDGE ( 'NONE', *, *, #2487, .F. ) ;
#7 = PLANE ( 'NONE',  #2513 ) ;
#8 = DIRECTION ( 'NONE',  ( 8.414644850224708521E-16, 0.000000000000000000, 1.000000000000000000 ) ) ;
#9 = LINE ( 'NONE', #2533, #2669 ) ;
#10 = ORIENTED_EDGE ( 'NONE', *, *, #1426, .T. ) ;
#11 = EDGE_CURVE ( 'NONE', #3367, #968, #2622, .T. ) ;
#12 = DIRECTION ( 'NONE',  ( -0.7071067811865512365, 0.000000000000000000, -0.7071067811865437980 ) ) ;
#13 = DIRECTION ( 'NONE',  ( -1.000000000000000000, -0.000000000000000000, 0.000000000000000000 ) ) ;
#14 = EDGE_LOOP ( 'NONE', ( #1813, #3284, #3502, #2745 ) ) ;
#15 = CARTESIAN_POINT ( 'NONE',  ( -13.99999999999999645, 0.000000000000000000, -3.001000000000003887 ) ) ;
#16 = EDGE_CURVE ( 'NONE', #2350, #1560, #3210, .T. ) ;
#17 = CARTESIAN_POINT ( 'NONE',  ( 5.999999999999998224, -2.009567819171539149, 0.5139936835501579537 ) ) ;
#18 = DIRECTION ( 'NONE',  ( 0.000000000000000000, -1.000000000000000000, 0.000000000000000000 ) ) ;
#19 = DIRECTION ( 'NONE',  ( 1.000000000000000000, 0.000000000000000000, 8.095376221225113908E-16 ) ) ;
#20 = DIRECTION ( 'NONE',  ( -4.336808689942017736E-16, 0.000000000000000000, -1.000000000000000000 ) ) ;
#21 = EDGE_CURVE ( 'NONE', #513, #1846, #121, .T. ) ;
#22 = EDGE_LOOP ( 'NONE', ( #2310, #2072, #1542, #1027 ) ) ;
#23 = DIRECTION ( 'NONE',  ( -0.2568497389111231710, 0.9664513498471032360, -2.079295268808985544E-16 ) ) ;
#24 = DIRECTION ( 'NONE',  ( 0.000000000000000000, -1.000000000000000000, 0.000000000000000000 ) ) ;
#25 = CARTESIAN_POINT ( 'NONE',  ( -4.499999999999976019, 13.46087738103788745, 20.94346458318370452 ) ) ;
#26 = DIRECTION ( 'NONE',  ( 2.151659659284525201E-16, 0.8682431421244590775, 0.4961389383568339806 ) ) ;
#27 = EDGE_CURVE ( 'NONE', #3341, #1241, #1977, .T. ) ;
#28 = VECTOR ( 'NONE', #2410, 1000.000000000000000 ) ;
#29 = CARTESIAN_POINT ( 'NONE',  ( -14.00000000000000711, 0.000000000000000000, 20.24264068711940823 ) ) ;
#30 = AXIS2_PLACEMENT_3D ( 'NONE', #758, #1872, #3570 ) ;
#31 = ORIENTED_EDGE ( 'NONE', *, *, #1519, .T. ) ;
#32 = ORIENTED_EDGE ( 'NONE', *, *, #1930, .T. ) ;
#33 = LINE ( 'NONE', #15, #330 ) ;
#34 = DIRECTION ( 'NONE',  ( -8.095376221225113908E-16, 0.000000000000000000, -1.000000000000000000 ) ) ;
#35 = CIRCLE ( 'NONE', #559, 0.9999999999999996669 ) ;
#36 = CARTESIAN_POINT ( 'NONE',  ( -9.500000000000012434, 15.00535169487283937, 18.24063453397254264 ) ) ;
#37 = EDGE_CURVE ( 'NONE', #2655, #804, #55, .T. ) ;
#38 = VECTOR ( 'NONE', #1019, 1000.000000000000000 ) ;
#39 = CARTESIAN_POINT ( 'NONE',  ( 15.40135445727829833, 15.62756787857889229, 14.24264068711942244 ) ) ;
#40 = ORIENTED_EDGE ( 'NONE', *, *, #2409, .F. ) ;
#41 = CARTESIAN_POINT ( 'NONE',  ( -12.49999999999999645, 0.000000000000000000, 2.550000000000000711 ) ) ;
#42 = DIRECTION ( 'NONE',  ( -0.9664513498471032360, -0.2568497389111231710, 0.000000000000000000 ) ) ;
#43 = CARTESIAN_POINT ( 'NONE',  ( -14.89647917781742059, 0.6830317545275608193, 7.242640687119425991 ) ) ;
#44 = CIRCLE ( 'NONE', #509, 2.061552812808828516 ) ;
#45 = ADVANCED_FACE ( 'NONE', ( #1861 ), #1295, .F. ) ;
#46 = EDGE_CURVE ( 'NONE', #1215, #637, #1429, .T. ) ;
#47 = ADVANCED_FACE ( 'NONE', ( #1928 ), #1407, .T. ) ;
#48 = PLANE ( 'NONE',  #446 ) ;
#49 = CARTESIAN_POINT ( 'NONE',  ( -20.91143308297894876, 12.61110744645037585, 14.24264068711942244 ) ) ;
#50 = ORIENTED_EDGE ( 'NONE', *, *, #777, .F. ) ;
#51 = EDGE_CURVE ( 'NONE', #2265, #93, #605, .T. ) ;
#52 = CARTESIAN_POINT ( 'NONE',  ( -9.499999999999966249, 2.999999999999999556, -3.001999999999994451 ) ) ;
#53 = FACE_OUTER_BOUND ( 'NONE', #3485, .T. ) ;
#54 = LINE ( 'NONE', #549, #3491 ) ;
#55 = CIRCLE ( 'NONE', #866, 2.061552812808828516 ) ;
#56 = ORIENTED_EDGE ( 'NONE', *, *, #560, .T. ) ;
#57 = DIRECTION ( 'NONE',  ( -8.095376221225113908E-16, -0.000000000000000000, -1.000000000000000000 ) ) ;
#58 = ORIENTED_EDGE ( 'NONE', *, *, #1864, .T. ) ;
#59 = FACE_OUTER_BOUND ( 'NONE', #2382, .T. ) ;
#60 = CIRCLE ( 'NONE', #231, 2.000000000000000000 ) ;
#61 = ORIENTED_EDGE ( 'NONE', *, *, #2937, .T. ) ;
#62 = CARTESIAN_POINT ( 'NONE',  ( -24.50000000000000355, 13.20945885274676179, -3.001000000000003887 ) ) ;
#63 = LINE ( 'NONE', #1698, #272 ) ;
#64 = ORIENTED_EDGE ( 'NONE', *, *, #723, .T. ) ;
#65 = VECTOR ( 'NONE', #1147, 1000.000000000000000 ) ;
#66 = DIRECTION ( 'NONE',  ( -0.000000000000000000, -1.000000000000000000, 0.000000000000000000 ) ) ;
#67 = ADVANCED_FACE ( 'NONE', ( #2818 ), #2552, .F. ) ;
#68 = DIRECTION ( 'NONE',  ( -0.000000000000000000, -1.000000000000000000, -0.000000000000000000 ) ) ;
#69 = CARTESIAN_POINT ( 'NONE',  ( -23.49999999999999289, 11.92315482793935999, 16.24264068711937270 ) ) ;
#70 = CARTESIAN_POINT ( 'NONE',  ( -13.99999999999999467, 21.20945885274677067, 24.21947431726041344 ) ) ;
#71 = ORIENTED_EDGE ( 'NONE', *, *, #2736, .F. ) ;
#72 = PLANE ( 'NONE',  #3218 ) ;
#73 = ORIENTED_EDGE ( 'NONE', *, *, #2424, .F. ) ;
#74 = CARTESIAN_POINT ( 'NONE',  ( 14.00000000000000888, 24.00000000000000000, 35.24264068711941178 ) ) ;
#75 = VERTEX_POINT ( 'NONE', #3378 ) ;
#76 = DIRECTION ( 'NONE',  ( 0.000000000000000000, 0.000000000000000000, -1.000000000000000000 ) ) ;
#77 = CARTESIAN_POINT ( 'NONE',  ( 16.24440017689384419, 1.710019182395307480, 22.88171882705719540 ) ) ;
#78 = ORIENTED_EDGE ( 'NONE', *, *, #2260, .F. ) ;
#79 = VERTEX_POINT ( 'NONE', #49 ) ;
#80 = EDGE_CURVE ( 'NONE', #511, #1530, #707, .T. ) ;
#81 = DIRECTION ( 'NONE',  ( -1.000000000000000000, 0.000000000000000000, -0.000000000000000000 ) ) ;
#82 = ADVANCED_FACE ( 'NONE', ( #1650, #810, #824 ), #267, .T. ) ;
#83 = CARTESIAN_POINT ( 'NONE',  ( 12.49999999999999645, 24.00000000000000000, -2.550000000000005596 ) ) ;
#84 = ORIENTED_EDGE ( 'NONE', *, *, #3207, .F. ) ;
#85 = CARTESIAN_POINT ( 'NONE',  ( 14.00000000000000888, 0.000000000000000000, 35.24264068711941178 ) ) ;
#86 = AXIS2_PLACEMENT_3D ( 'NONE', #2078, #373, #3195 ) ;
#87 = COLOUR_RGB ( '',0.7921568627450980005, 0.8196078431372548767, 0.9333333333333333481 ) ;
#88 = EDGE_LOOP ( 'NONE', ( #1789, #2463, #1827, #2604 ) ) ;
#89 = CARTESIAN_POINT ( 'NONE',  ( 6.499997806029160330, 23.00000000000000000, 0.5000021939804656368 ) ) ;
#90 = ORIENTED_EDGE ( 'NONE', *, *, #3008, .F. ) ;
#91 = VECTOR ( 'NONE', #1670, 1000.000000000000114 ) ;
#92 = CARTESIAN_POINT ( 'NONE',  ( 4.750473518828798939E-15, 17.95701631939472520, 13.07522144105925221 ) ) ;
#93 = VERTEX_POINT ( 'NONE', #1671 ) ;
#94 = VERTEX_POINT ( 'NONE', #1703 ) ;
#95 = DIRECTION ( 'NONE',  ( 0.2568497389111222828, 0.9664513498471034580, -0.000000000000000000 ) ) ;
#96 = EDGE_CURVE ( 'NONE', #467, #3496, #3033, .T. ) ;
#97 = AXIS2_PLACEMENT_3D ( 'NONE', #1306, #735, #3260 ) ;
#98 = DIRECTION ( 'NONE',  ( 0.000000000000000000, 1.000000000000000000, -0.000000000000000000 ) ) ;
#99 = DIRECTION ( 'NONE',  ( 0.000000000000000000, -0.4961389383568338141, 0.8682431421244592995 ) ) ;
#100 = EDGE_CURVE ( 'NONE', #2529, #771, #2500, .T. ) ;
#101 = ORIENTED_EDGE ( 'NONE', *, *, #1055, .F. ) ;
#102 = EDGE_LOOP ( 'NONE', ( #1597, #2873, #2213, #352 ) ) ;
#103 = VECTOR ( 'NONE', #141, 1000.000000000000114 ) ;
#104 = DIRECTION ( 'NONE',  ( 0.000000000000000000, 1.000000000000000000, 0.000000000000000000 ) ) ;
#105 = LINE ( 'NONE', #1231, #2777 ) ;
#106 = ORIENTED_EDGE ( 'NONE', *, *, #1604, .T. ) ;
#107 = LINE ( 'NONE', #1744, #613 ) ;
#108 = VERTEX_POINT ( 'NONE', #284 ) ;
#109 = VERTEX_POINT ( 'NONE', #1984 ) ;
#110 = CARTESIAN_POINT ( 'NONE',  ( -13.99999999999998934, 3.999999999999997335, 33.68108787431058460 ) ) ;
#111 = EDGE_LOOP ( 'NONE', ( #40, #1005, #1119, #234 ) ) ;
#112 = DIRECTION ( 'NONE',  ( -0.6949420556350811573, 0.1846918477339474784, -0.6949420556350781597 ) ) ;
#113 = EDGE_LOOP ( 'NONE', ( #1181, #1379, #56, #2918, #1165, #2285, #1756 ) ) ;
#114 = ORIENTED_EDGE ( 'NONE', *, *, #1604, .F. ) ;
#115 = DIRECTION ( 'NONE',  ( 0.000000000000000000, 0.000000000000000000, -1.000000000000000000 ) ) ;
#116 = DIRECTION ( 'NONE',  ( -0.000000000000000000, -1.000000000000000000, -0.000000000000000000 ) ) ;
#117 = DIRECTION ( 'NONE',  ( 2.151659659284525201E-16, 0.8682431421244591885, 0.4961389383568340361 ) ) ;
#118 = VECTOR ( 'NONE', #3110, 1000.000000000000000 ) ;
#119 = ORIENTED_EDGE ( 'NONE', *, *, #2647, .T. ) ;
#120 = VECTOR ( 'NONE', #493, 1000.000000000000000 ) ;
#121 = LINE ( 'NONE', #2960, #3559 ) ;
#122 = ORIENTED_EDGE ( 'NONE', *, *, #3472, .F. ) ;
#123 = CARTESIAN_POINT ( 'NONE',  ( -12.49999999999999645, 24.00000000000000000, 0.000000000000000000 ) ) ;
#124 = VECTOR ( 'NONE', #3569, 1000.000000000000000 ) ;
#125 = ADVANCED_FACE ( 'NONE', ( #1941 ), #3059, .T. ) ;
#126 = ADVANCED_FACE ( 'NONE', ( #1138 ), #3080, .F. ) ;
#127 = EDGE_LOOP ( 'NONE', ( #2864, #2717, #2388, #317 ) ) ;
#128 = DIRECTION ( 'NONE',  ( -1.000000000000000000, -0.000000000000000000, 0.000000000000000000 ) ) ;
#129 = LINE ( 'NONE', #69, #897 ) ;
#130 = DIRECTION ( 'NONE',  ( 0.000000000000000000, 0.000000000000000000, 1.000000000000000000 ) ) ;
#131 = ORIENTED_EDGE ( 'NONE', *, *, #2577, .F. ) ;
#132 = ORIENTED_EDGE ( 'NONE', *, *, #3583, .T. ) ;
#133 = EDGE_CURVE ( 'NONE', #3510, #367, #2734, .T. ) ;
#134 = FACE_OUTER_BOUND ( 'NONE', #2568, .T. ) ;
#135 = ORIENTED_EDGE ( 'NONE', *, *, #2088, .F. ) ;
#136 = LINE ( 'NONE', #3125, #2603 ) ;
#137 = EDGE_LOOP ( 'NONE', ( #720, #2891, #2656, #1465 ) ) ;
#138 = ORIENTED_EDGE ( 'NONE', *, *, #558, .T. ) ;
#139 = CARTESIAN_POINT ( 'NONE',  ( -6.000000000000001776, -2.009567819171536041, 0.5139936835501606183 ) ) ;
#140 = DIRECTION ( 'NONE',  ( -0.000000000000000000, -1.000000000000000000, -0.000000000000000000 ) ) ;
#141 = DIRECTION ( 'NONE',  ( -2.151659659284524954E-16, -0.8682431421244590775, -0.4961389383568339806 ) ) ;
#142 = ORIENTED_EDGE ( 'NONE', *, *, #2233, .F. ) ;
#143 = EDGE_LOOP ( 'NONE', ( #2472, #1400 ) ) ;
#144 = DIRECTION ( 'NONE',  ( 0.000000000000000000, 0.4961389383568339251, -0.8682431421244590775 ) ) ;
#145 = CARTESIAN_POINT ( 'NONE',  ( -19.99999999999998934, 4.571428571428567622, 21.24264068711941889 ) ) ;
#146 = CARTESIAN_POINT ( 'NONE',  ( 13.99999999999998757, 3.000000000000000000, -3.002000000000018431 ) ) ;
#147 = EDGE_CURVE ( 'NONE', #3209, #2358, #60, .T. ) ;
#148 = ORIENTED_EDGE ( 'NONE', *, *, #1364, .T. ) ;
#149 = EDGE_LOOP ( 'NONE', ( #2599, #1678, #2946, #2085, #441, #3400 ) ) ;
#150 = DIRECTION ( 'NONE',  ( -0.000000000000000000, -1.000000000000000000, -0.000000000000000000 ) ) ;
#151 = ORIENTED_EDGE ( 'NONE', *, *, #3268, .T. ) ;
#152 = LINE ( 'NONE', #2881, #2430 ) ;
#153 = VERTEX_POINT ( 'NONE', #3308 ) ;
#154 = ORIENTED_EDGE ( 'NONE', *, *, #2577, .T. ) ;
#155 = DIRECTION ( 'NONE',  ( 0.000000000000000000, 0.4961389383568339251, -0.8682431421244590775 ) ) ;
#156 = ADVANCED_FACE ( 'NONE', ( #1350 ), #2480, .T. ) ;
#157 = VECTOR ( 'NONE', #1031, 1000.000000000000114 ) ;
#158 = DIRECTION ( 'NONE',  ( -0.2568497389111223383, -0.9664513498471035691, -0.000000000000000000 ) ) ;
#159 = CARTESIAN_POINT ( 'NONE',  ( -4.500000000000000888, 0.4534810281881691552, 52.48017776193936612 ) ) ;
#160 = VECTOR ( 'NONE', #2763, 1000.000000000000000 ) ;
#161 = EDGE_LOOP ( 'NONE', ( #2132, #3043, #1765, #3175 ) ) ;
#162 = VECTOR ( 'NONE', #1931, 1000.000000000000000 ) ;
#163 = ORIENTED_EDGE ( 'NONE', *, *, #1534, .T. ) ;
#164 = ORIENTED_EDGE ( 'NONE', *, *, #523, .T. ) ;
#165 = AXIS2_PLACEMENT_3D ( 'NONE', #862, #682, #1257 ) ;
#166 = EDGE_CURVE ( 'NONE', #837, #3462, #1685, .T. ) ;
#167 = FACE_BOUND ( 'NONE', #711, .T. ) ;
#168 = LINE ( 'NONE', #474, #961 ) ;
#169 = EDGE_LOOP ( 'NONE', ( #1278, #1472 ) ) ;
#170 = EDGE_CURVE ( 'NONE', #3190, #2635, #585, .T. ) ;
#171 = ORIENTED_EDGE ( 'NONE', *, *, #1628, .T. ) ;
#172 = FACE_OUTER_BOUND ( 'NONE', #2117, .T. ) ;
#173 = LINE ( 'NONE', #2138, #1079 ) ;
#174 = ORIENTED_EDGE ( 'NONE', *, *, #3098, .T. ) ;
#175 = EDGE_LOOP ( 'NONE', ( #371, #164, #312, #2620, #1201 ) ) ;
#176 = CARTESIAN_POINT ( 'NONE',  ( 13.99999999999998757, 0.000000000000000000, -3.002000000000018431 ) ) ;
#177 = CYLINDRICAL_SURFACE ( 'NONE', #2855, 2.000000000000000000 ) ;
#178 = DIRECTION ( 'NONE',  ( 0.000000000000000000, 1.000000000000000000, 0.000000000000000000 ) ) ;
#179 = VERTEX_POINT ( 'NONE', #1154 ) ;
#180 = DIRECTION ( 'NONE',  ( 0.000000000000000000, -0.4961389383568338141, 0.8682431421244592995 ) ) ;
#181 = VERTEX_POINT ( 'NONE', #1700 ) ;
#182 = CARTESIAN_POINT ( 'NONE',  ( -19.99999999999995381, 4.571428571428540977, 7.242640687119421550 ) ) ;
#183 = VECTOR ( 'NONE', #3329, 1000.000000000000000 ) ;
#184 = FACE_OUTER_BOUND ( 'NONE', #1791, .T. ) ;
#185 = EDGE_CURVE ( 'NONE', #1672, #1662, #3078, .T. ) ;
#186 = ORIENTED_EDGE ( 'NONE', *, *, #3003, .F. ) ;
#187 = ORIENTED_EDGE ( 'NONE', *, *, #2378, .T. ) ;
#188 = CARTESIAN_POINT ( 'NONE',  ( 9.500000000000000000, -2.602085213965209853E-15, 36.24264068711941178 ) ) ;
#189 = ORIENTED_EDGE ( 'NONE', *, *, #1060, .F. ) ;
#190 = FACE_OUTER_BOUND ( 'NONE', #2925, .T. ) ;
#191 = CARTESIAN_POINT ( 'NONE',  ( 13.99999999999999645, 0.000000000000000000, -3.001000000000003887 ) ) ;
#192 = DIRECTION ( 'NONE',  ( -8.673617379884035472E-16, 0.000000000000000000, -1.000000000000000000 ) ) ;
#193 = CARTESIAN_POINT ( 'NONE',  ( 9.500000000000000000, 3.999999999999997335, 35.74264068711941178 ) ) ;
#194 = ORIENTED_EDGE ( 'NONE', *, *, #3390, .F. ) ;
#195 = DIRECTION ( 'NONE',  ( 2.151659659284525201E-16, 0.8682431421244591885, 0.4961389383568340361 ) ) ;
#196 = VERTEX_POINT ( 'NONE', #864 ) ;
#197 = DIRECTION ( 'NONE',  ( 2.151659659284523228E-16, 0.8682431421244591885, 0.4961389383568340916 ) ) ;
#198 = EDGE_CURVE ( 'NONE', #2682, #2645, #1979, .T. ) ;
#199 = CARTESIAN_POINT ( 'NONE',  ( 12.49999999999999822, 16.00000000000000711, 21.24264068711939757 ) ) ;
#200 = FACE_OUTER_BOUND ( 'NONE', #1312, .T. ) ;
#201 = DIRECTION ( 'NONE',  ( -1.000000000000000000, -0.000000000000000000, 4.336808689942017736E-16 ) ) ;
#202 = EDGE_LOOP ( 'NONE', ( #3538, #163, #2564, #3204 ) ) ;
#203 = CARTESIAN_POINT ( 'NONE',  ( 9.500000000000000000, 0.000000000000000000, 36.24264068711941178 ) ) ;
#204 = LINE ( 'NONE', #2418, #3562 ) ;
#205 = EDGE_CURVE ( 'NONE', #1672, #1594, #2816, .T. ) ;
#206 = CARTESIAN_POINT ( 'NONE',  ( 0.000000000000000000, 24.00000000000000000, 1.000000000000003331 ) ) ;
#207 = ORIENTED_EDGE ( 'NONE', *, *, #37, .T. ) ;
#208 = VECTOR ( 'NONE', #3253, 1000.000000000000000 ) ;
#209 = ORIENTED_EDGE ( 'NONE', *, *, #3511, .T. ) ;
#210 = EDGE_CURVE ( 'NONE', #3293, #2618, #3582, .T. ) ;
#211 = DIRECTION ( 'NONE',  ( 0.000000000000000000, -0.4961389383568341471, 0.8682431421244590775 ) ) ;
#212 = AXIS2_PLACEMENT_3D ( 'NONE', #979, #2408, #3213 ) ;
#213 = CARTESIAN_POINT ( 'NONE',  ( 9.500000000000000000, 23.00000000000000000, 0.000000000000000000 ) ) ;
#214 = AXIS2_PLACEMENT_3D ( 'NONE', #362, #3180, #2045 ) ;
#215 = AXIS2_PLACEMENT_3D ( 'NONE', #1955, #3610, #3028 ) ;
#216 = CARTESIAN_POINT ( 'NONE',  ( -5.142037302725976922, -6.748923959827828334, 8.242640687119433096 ) ) ;
#217 = UNCERTAINTY_MEASURE_WITH_UNIT (LENGTH_MEASURE( 1.000000000000000082E-05 ), #2319, 'distance_accuracy_value', 'NONE');
#218 = VECTOR ( 'NONE', #2236, 999.9999999999998863 ) ;
#219 = CARTESIAN_POINT ( 'NONE',  ( -24.88328648698383461, 8.292027799606733751, 13.62592717410329080 ) ) ;
#220 = VERTEX_POINT ( 'NONE', #1395 ) ;
#221 = DIRECTION ( 'NONE',  ( -0.000000000000000000, -1.000000000000000000, -0.000000000000000000 ) ) ;
#222 = CARTESIAN_POINT ( 'NONE',  ( 12.49999999999998224, 24.00000000000000000, -1.011922027653137735E-14 ) ) ;
#223 = LINE ( 'NONE', #1993, #2218 ) ;
#224 = LINE ( 'NONE', #2143, #788 ) ;
#225 = EDGE_LOOP ( 'NONE', ( #2574, #984 ) ) ;
#226 = ORIENTED_EDGE ( 'NONE', *, *, #798, .T. ) ;
#227 = LINE ( 'NONE', #2730, #1793 ) ;
#228 = DIRECTION ( 'NONE',  ( -1.000000000000000000, -0.000000000000000000, 4.336808689942017736E-16 ) ) ;
#229 = EDGE_CURVE ( 'NONE', #688, #1002, #2498, .T. ) ;
#230 = CARTESIAN_POINT ( 'NONE',  ( -9.500000000000001776, 3.830178826910362044, 37.79718705290687808 ) ) ;
#231 = AXIS2_PLACEMENT_3D ( 'NONE', #3576, #1062, #2186 ) ;
#232 = DIRECTION ( 'NONE',  ( -0.000000000000000000, -0.4961389383568342581, 0.8682431421244589664 ) ) ;
#233 = VECTOR ( 'NONE', #2175, 1000.000000000000000 ) ;
#234 = ORIENTED_EDGE ( 'NONE', *, *, #1412, .F. ) ;
#235 = CARTESIAN_POINT ( 'NONE',  ( -24.50000000000000000, 0.000000000000000000, 20.24264068711939757 ) ) ;
#236 = CARTESIAN_POINT ( 'NONE',  ( -6.499999999999997335, 24.00000000000000000, 0.5000000000000017764 ) ) ;
#237 = DIRECTION ( 'NONE',  ( 0.6225126250651862314, -0.4742953333829993401, 0.6225126250651951132 ) ) ;
#238 = VECTOR ( 'NONE', #2587, 1000.000000000000000 ) ;
#239 = EDGE_CURVE ( 'NONE', #3382, #1043, #3087, .T. ) ;
#240 = LINE ( 'NONE', #1620, #1512 ) ;
#241 = DIRECTION ( 'NONE',  ( 0.000000000000000000, 0.000000000000000000, -1.000000000000000000 ) ) ;
#242 = ORIENTED_EDGE ( 'NONE', *, *, #3414, .T. ) ;
#243 = ORIENTED_EDGE ( 'NONE', *, *, #1554, .T. ) ;
#244 = EDGE_CURVE ( 'NONE', #94, #513, #831, .T. ) ;
#245 = DIRECTION ( 'NONE',  ( 4.336808689942032034E-16, 0.8682431421244590775, 0.4961389383568339806 ) ) ;
#246 = DIRECTION ( 'NONE',  ( 0.000000000000000000, 0.000000000000000000, -1.000000000000000000 ) ) ;
#247 = CARTESIAN_POINT ( 'NONE',  ( -12.49999999999998224, 24.00000000000000000, -1.011922027653137735E-14 ) ) ;
#248 = ORIENTED_EDGE ( 'NONE', *, *, #785, .F. ) ;
#249 = EDGE_CURVE ( 'NONE', #413, #538, #597, .T. ) ;
#250 = FACE_OUTER_BOUND ( 'NONE', #2990, .T. ) ;
#251 = CARTESIAN_POINT ( 'NONE',  ( 13.99999999999999645, 0.000000000000000000, 7.030467603725113257 ) ) ;
#252 = CARTESIAN_POINT ( 'NONE',  ( -13.99999999999998934, -2.602085213965209853E-15, 36.24264068711941889 ) ) ;
#253 = CARTESIAN_POINT ( 'NONE',  ( 19.50000000000001421, 1.348734881306911957E-30, 8.242640687119420662 ) ) ;
#254 =( BOUNDED_CURVE ( )  B_SPLINE_CURVE ( 3, ( #3456, #3160, #1814, #659 ),
 .UNSPECIFIED., .F., .T. ) 
 B_SPLINE_CURVE_WITH_KNOTS ( ( 4, 4 ),
 ( 4.247593946482943750, 4.712388980384692339 ),
 .UNSPECIFIED. ) 
 CURVE ( )  GEOMETRIC_REPRESENTATION_ITEM ( )  RATIONAL_B_SPLINE_CURVE ( ( 1.000000000000000000, 0.9820780114622806867, 0.9820780114622806867, 1.000000000000000000 ) ) 
 REPRESENTATION_ITEM ( '' )  );
#255 = CARTESIAN_POINT ( 'NONE',  ( -19.50000000000001421, 12.98621812213106885, 8.242640687119422438 ) ) ;
#256 = EDGE_CURVE ( 'NONE', #2017, #837, #3371, .T. ) ;
#257 = DIRECTION ( 'NONE',  ( 0.000000000000000000, 0.000000000000000000, 1.000000000000000000 ) ) ;
#258 = CARTESIAN_POINT ( 'NONE',  ( 13.99999999999998934, 16.00000000000001421, -3.001000000000008328 ) ) ;
#259 = CARTESIAN_POINT ( 'NONE',  ( 13.99999999999999645, 0.000000000000000000, -3.001000000000003887 ) ) ;
#260 = CIRCLE ( 'NONE', #1539, 2.999999999999999112 ) ;
#261 = AXIS2_PLACEMENT_3D ( 'NONE', #1797, #686, #3482 ) ;
#262 = EDGE_CURVE ( 'NONE', #637, #1607, #3095, .T. ) ;
#263 = CIRCLE ( 'NONE', #3592, 2.061552812808828516 ) ;
#264 = DIRECTION ( 'NONE',  ( 0.000000000000000000, -0.4961389383568340361, 0.8682431421244590775 ) ) ;
#265 = VECTOR ( 'NONE', #1291, 1000.000000000000000 ) ;
#266 = VECTOR ( 'NONE', #305, 1000.000000000000000 ) ;
#267 = PLANE ( 'NONE',  #3212 ) ;
#268 = ORIENTED_EDGE ( 'NONE', *, *, #1653, .T. ) ;
#269 = LINE ( 'NONE', #1374, #1730 ) ;
#270 = DIRECTION ( 'NONE',  ( -0.2568497389111223383, -0.9664513498471034580, 0.000000000000000000 ) ) ;
#271 = CARTESIAN_POINT ( 'NONE',  ( 19.50000000000001776, 4.190476190476204899, 8.242640687119420662 ) ) ;
#272 = VECTOR ( 'NONE', #297, 1000.000000000000000 ) ;
#273 = DIRECTION ( 'NONE',  ( 1.229519805305442303E-16, 0.4961389383568341471, -0.8682431421244590775 ) ) ;
#274 = CARTESIAN_POINT ( 'NONE',  ( -6.000000000000001776, -2.505706757528369799, 1.382236825674619141 ) ) ;
#275 = ORIENTED_EDGE ( 'NONE', *, *, #1680, .F. ) ;
#276 = EDGE_CURVE ( 'NONE', #333, #2655, #1330, .T. ) ;
#277 = VERTEX_POINT ( 'NONE', #2562 ) ;
#278 = ORIENTED_EDGE ( 'NONE', *, *, #2330, .F. ) ;
#279 = CARTESIAN_POINT ( 'NONE',  ( -6.999999999999997335, 23.00000000000000000, 0.000000000000000000 ) ) ;
#280 = CARTESIAN_POINT ( 'NONE',  ( -19.50000000000001776, 4.190476190476207563, 20.24264068711940467 ) ) ;
#281 = LINE ( 'NONE', #1403, #1422 ) ;
#282 = ORIENTED_EDGE ( 'NONE', *, *, #2565, .F. ) ;
#283 = CARTESIAN_POINT ( 'NONE',  ( 19.50000000000001776, 0.000000000000000000, 20.24264068711943310 ) ) ;
#284 = CARTESIAN_POINT ( 'NONE',  ( 9.500000000000000000, 5.683853811879071571, 34.55325582921163630 ) ) ;
#285 = VERTEX_POINT ( 'NONE', #3334 ) ;
#286 = ADVANCED_FACE ( 'NONE', ( #1363 ), #2290, .F. ) ;
#287 = CARTESIAN_POINT ( 'NONE',  ( -9.500000000000001776, 1.999999999999997335, 36.24264068711941889 ) ) ;
#288 = CARTESIAN_POINT ( 'NONE',  ( 14.00000000000000888, 1.999999999999997335, 36.24264068711941178 ) ) ;
#289 = CARTESIAN_POINT ( 'NONE',  ( -23.49999999999997868, 7.238095238095224815, -3.001000000000026979 ) ) ;
#290 = EDGE_CURVE ( 'NONE', #1500, #2653, #608, .T. ) ;
#291 = DIRECTION ( 'NONE',  ( -8.673617379884046319E-16, 0.000000000000000000, -1.000000000000000000 ) ) ;
#292 = ORIENTED_EDGE ( 'NONE', *, *, #1991, .T. ) ;
#293 = DIRECTION ( 'NONE',  ( -1.000000000000000000, 0.000000000000000000, -8.054073281320901773E-16 ) ) ;
#294 = VECTOR ( 'NONE', #3280, 1000.000000000000000 ) ;
#295 = VERTEX_POINT ( 'NONE', #3608 ) ;
#296 = LINE ( 'NONE', #2215, #2687 ) ;
#297 = DIRECTION ( 'NONE',  ( -8.095376221225114894E-16, -0.000000000000000000, 1.000000000000000000 ) ) ;
#298 = EDGE_CURVE ( 'NONE', #2333, #2415, #838, .T. ) ;
#299 = CARTESIAN_POINT ( 'NONE',  ( -12.49999999999999645, 24.00000000000000000, 2.550000000000000711 ) ) ;
#300 = DIRECTION ( 'NONE',  ( 1.000000000000000000, 0.000000000000000000, -8.054073281320901773E-16 ) ) ;
#301 = CARTESIAN_POINT ( 'NONE',  ( 9.500000000000001776, 15.00535169487283760, 19.24264068711942244 ) ) ;
#302 = EDGE_CURVE ( 'NONE', #1104, #1242, #1697, .T. ) ;
#303 = DIRECTION ( 'NONE',  ( 0.000000000000000000, 0.8682431421244590775, 0.4961389383568343137 ) ) ;
#304 = EDGE_LOOP ( 'NONE', ( #1822, #712, #101, #442 ) ) ;
#305 = DIRECTION ( 'NONE',  ( -1.000000000000000000, -3.540251991789406472E-17, 4.956352788505164254E-16 ) ) ;
#306 = CARTESIAN_POINT ( 'NONE',  ( 9.500000000000000000, 3.999999999999997335, 35.74264068711941178 ) ) ;
#307 = CARTESIAN_POINT ( 'NONE',  ( 24.50000000000001421, 3.999999999999997335, 35.74264068711940467 ) ) ;
#308 = EDGE_CURVE ( 'NONE', #1718, #2146, #296, .T. ) ;
#309 = CARTESIAN_POINT ( 'NONE',  ( -24.49999999999998579, 16.00000000000001421, 7.242640687119417997 ) ) ;
#310 = ORIENTED_EDGE ( 'NONE', *, *, #2424, .T. ) ;
#311 = PLANE ( 'NONE',  #3486 ) ;
#312 = ORIENTED_EDGE ( 'NONE', *, *, #2582, .T. ) ;
#313 = EDGE_CURVE ( 'NONE', #1473, #2358, #1097, .T. ) ;
#314 = EDGE_CURVE ( 'NONE', #1853, #2198, #3054, .T. ) ;
#315 = DIRECTION ( 'NONE',  ( 4.956352788505163268E-16, 0.000000000000000000, 1.000000000000000000 ) ) ;
#316 = DIRECTION ( 'NONE',  ( 7.359225090432052777E-16, 0.7071067811865451302, -0.7071067811865499042 ) ) ;
#317 = ORIENTED_EDGE ( 'NONE', *, *, #746, .F. ) ;
#318 = ADVANCED_FACE ( 'NONE', ( #2779 ), #1953, .F. ) ;
#319 = CARTESIAN_POINT ( 'NONE',  ( 11.90258380183474785, 15.00535169487283760, 9.242640687119413556 ) ) ;
#320 = FACE_OUTER_BOUND ( 'NONE', #3457, .T. ) ;
#321 = VECTOR ( 'NONE', #754, 1000.000000000000114 ) ;
#322 = CARTESIAN_POINT ( 'NONE',  ( -7.242936904503569195, 17.79579643833993430, -5.514422408376887574 ) ) ;
#323 = LINE ( 'NONE', #3155, #1610 ) ;
#324 = DIRECTION ( 'NONE',  ( 0.9664513498471034580, -0.2568497389111223383, 0.000000000000000000 ) ) ;
#325 = VECTOR ( 'NONE', #2277, 1000.000000000000000 ) ;
#326 = CARTESIAN_POINT ( 'NONE',  ( 12.49999999999999645, 24.00000000000000000, -4.592425496802572789E-15 ) ) ;
#327 = CIRCLE ( 'NONE', #214, 0.9999999999999996669 ) ;
#328 = VECTOR ( 'NONE', #541, 1000.000000000000000 ) ;
#329 = ORIENTED_EDGE ( 'NONE', *, *, #80, .T. ) ;
#330 = VECTOR ( 'NONE', #2540, 1000.000000000000000 ) ;
#331 = LINE ( 'NONE', #2469, #1336 ) ;
#332 = DIRECTION ( 'NONE',  ( 2.312139710220244630E-16, 1.000000000000000000, 1.871764083026729393E-31 ) ) ;
#333 = VERTEX_POINT ( 'NONE', #2547 ) ;
#334 = DIRECTION ( 'NONE',  ( 2.151659659284525201E-16, 0.8682431421244590775, 0.4961389383568339806 ) ) ;
#335 = DIRECTION ( 'NONE',  ( 0.000000000000000000, 1.000000000000000000, 0.000000000000000000 ) ) ;
#336 = VERTEX_POINT ( 'NONE', #279 ) ;
#337 = DIRECTION ( 'NONE',  ( 1.000000000000000000, -1.927470528863123979E-16, 0.000000000000000000 ) ) ;
#338 = ORIENTED_EDGE ( 'NONE', *, *, #3505, .F. ) ;
#339 = ADVANCED_FACE ( 'NONE', ( #2514, #1419 ), #7, .F. ) ;
#340 = LINE ( 'NONE', #1761, #1556 ) ;
#341 = DIRECTION ( 'NONE',  ( -1.000000000000000000, -0.000000000000000000, 4.336808689942017736E-16 ) ) ;
#342 =( NAMED_UNIT ( * ) SI_UNIT ( $, .STERADIAN. ) SOLID_ANGLE_UNIT ( ) );
#343 = EDGE_LOOP ( 'NONE', ( #1489, #3224, #2352, #1313 ) ) ;
#344 = CARTESIAN_POINT ( 'NONE',  ( 11.90258380183477271, 15.00535169487283760, 41.76483792539834639 ) ) ;
#345 = ORIENTED_EDGE ( 'NONE', *, *, #96, .T. ) ;
#346 = CARTESIAN_POINT ( 'NONE',  ( -13.99999999999999645, 0.000000000000000000, -3.001000000000003887 ) ) ;
#347 = EDGE_CURVE ( 'NONE', #1463, #2538, #576, .T. ) ;
#348 = AXIS2_PLACEMENT_3D ( 'NONE', #3534, #3506, #2123 ) ;
#349 = DIRECTION ( 'NONE',  ( 0.9664513498471035691, -0.2568497389111221163, 0.000000000000000000 ) ) ;
#350 = DIRECTION ( 'NONE',  ( 8.095376221225113908E-16, 0.000000000000000000, -1.000000000000000000 ) ) ;
#351 = ORIENTED_EDGE ( 'NONE', *, *, #1975, .T. ) ;
#352 = ORIENTED_EDGE ( 'NONE', *, *, #27, .T. ) ;
#353 = DIRECTION ( 'NONE',  ( 0.000000000000000000, 0.000000000000000000, -1.000000000000000000 ) ) ;
#354 = EDGE_CURVE ( 'NONE', #467, #2635, #2254, .T. ) ;
#355 = CARTESIAN_POINT ( 'NONE',  ( 5.648647887667878257E-15, 21.58764460274187513, 11.46426263232114451 ) ) ;
#356 = ORIENTED_EDGE ( 'NONE', *, *, #3383, .F. ) ;
#357 = CARTESIAN_POINT ( 'NONE',  ( 12.49999999999998757, 24.00000000000000000, 7.242640687119426879 ) ) ;
#358 = CARTESIAN_POINT ( 'NONE',  ( -5.999999999999998224, 24.00000000000000000, 1.000000000000003331 ) ) ;
#359 = EDGE_CURVE ( 'NONE', #1734, #285, #2627, .T. ) ;
#360 = EDGE_LOOP ( 'NONE', ( #3406, #1712, #3586, #1527 ) ) ;
#361 = LINE ( 'NONE', #2558, #595 ) ;
#362 = CARTESIAN_POINT ( 'NONE',  ( 6.000000000000003553, 20.00000000000000711, 14.24264068711941178 ) ) ;
#363 = ORIENTED_EDGE ( 'NONE', *, *, #648, .T. ) ;
#364 = DIRECTION ( 'NONE',  ( -0.000000000000000000, -1.000000000000000000, -0.000000000000000000 ) ) ;
#365 = DIRECTION ( 'NONE',  ( -0.000000000000000000, -1.000000000000000000, -0.000000000000000000 ) ) ;
#366 = FACE_OUTER_BOUND ( 'NONE', #586, .T. ) ;
#367 = VERTEX_POINT ( 'NONE', #880 ) ;
#368 = ORIENTED_EDGE ( 'NONE', *, *, #1225, .F. ) ;
#369 = CARTESIAN_POINT ( 'NONE',  ( -13.99999999999999467, 5.209458852746765345, 52.21947431726040634 ) ) ;
#370 = EDGE_CURVE ( 'NONE', #3005, #1215, #1997, .T. ) ;
#371 = ORIENTED_EDGE ( 'NONE', *, *, #2289, .F. ) ;
#372 = DIRECTION ( 'NONE',  ( 1.000000000000000000, -2.312139710220244630E-16, 8.095376221225112922E-16 ) ) ;
#373 = DIRECTION ( 'NONE',  ( 0.7071067811865460184, 0.000000000000000000, -0.7071067811865490160 ) ) ;
#374 =( NAMED_UNIT ( * ) PLANE_ANGLE_UNIT ( ) SI_UNIT ( $, .RADIAN. ) );
#375 = ORIENTED_EDGE ( 'NONE', *, *, #2686, .F. ) ;
#376 = AXIS2_PLACEMENT_3D ( 'NONE', #981, #2945, #2096 ) ;
#377 = AXIS2_PLACEMENT_3D ( 'NONE', #159, #1533, #1184 ) ;
#378 = ORIENTED_EDGE ( 'NONE', *, *, #396, .F. ) ;
#379 = DIRECTION ( 'NONE',  ( 0.000000000000000000, 0.000000000000000000, -1.000000000000000000 ) ) ;
#380 = EDGE_LOOP ( 'NONE', ( #641, #2091, #1409, #1524, #519, #1608, #575, #5 ) ) ;
#381 = AXIS2_PLACEMENT_3D ( 'NONE', #1909, #524, #3100 ) ;
#382 = FACE_OUTER_BOUND ( 'NONE', #2205, .T. ) ;
#383 = VECTOR ( 'NONE', #2064, 999.9999999999998863 ) ;
#384 = ORIENTED_EDGE ( 'NONE', *, *, #1684, .F. ) ;
#385 = ORIENTED_EDGE ( 'NONE', *, *, #46, .T. ) ;
#386 = CARTESIAN_POINT ( 'NONE',  ( -12.49999999999999645, 24.00000000000000000, 0.000000000000000000 ) ) ;
#387 = VECTOR ( 'NONE', #800, 1000.000000000000000 ) ;
#388 = CARTESIAN_POINT ( 'NONE',  ( 9.500000000000000000, 0.000000000000000000, 0.000000000000000000 ) ) ;
#389 = ADVANCED_FACE ( 'NONE', ( #2089 ), #949, .F. ) ;
#390 = LINE ( 'NONE', #3166, #103 ) ;
#391 = VERTEX_POINT ( 'NONE', #1204 ) ;
#392 = EDGE_LOOP ( 'NONE', ( #2591, #2323, #1546, #1676 ) ) ;
#393 = EDGE_LOOP ( 'NONE', ( #2685, #891, #1529, #3107, #3283 ) ) ;
#394 = AXIS2_PLACEMENT_3D ( 'NONE', #2710, #2494, #2180 ) ;
#395 = DIRECTION ( 'NONE',  ( -1.000000000000000000, 0.000000000000000000, 8.673617379884046319E-16 ) ) ;
#396 = EDGE_CURVE ( 'NONE', #889, #1971, #645, .T. ) ;
#397 = ORIENTED_EDGE ( 'NONE', *, *, #1823, .F. ) ;
#398 = FACE_OUTER_BOUND ( 'NONE', #3439, .T. ) ;
#399 = CARTESIAN_POINT ( 'NONE',  ( -9.500000000000000000, -5.817072295949928215E-15, 44.50000000000000000 ) ) ;
#400 = APPLICATION_PROTOCOL_DEFINITION ( 'draft international standard', 'automotive_design', 1998, #2377 ) ;
#401 = ORIENTED_EDGE ( 'NONE', *, *, #2643, .F. ) ;
#402 = EDGE_CURVE ( 'NONE', #849, #837, #3481, .T. ) ;
#403 = ORIENTED_EDGE ( 'NONE', *, *, #1382, .F. ) ;
#404 = DIRECTION ( 'NONE',  ( 1.000000000000000000, -0.000000000000000000, 8.095376221225114894E-16 ) ) ;
#405 = ORIENTED_EDGE ( 'NONE', *, *, #1084, .F. ) ;
#406 = FACE_OUTER_BOUND ( 'NONE', #3522, .T. ) ;
#407 = ORIENTED_EDGE ( 'NONE', *, *, #3091, .F. ) ;
#408 = EDGE_LOOP ( 'NONE', ( #495, #698, #2230, #1233, #1860, #3614, #1771, #1163, #650, #1286 ) ) ;
#409 = CYLINDRICAL_SURFACE ( 'NONE', #794, 0.4999978060243497890 ) ;
#410 = CARTESIAN_POINT ( 'NONE',  ( -5.999999999999996447, 19.50386106164317823, 15.11088382924387119 ) ) ;
#411 = PLANE ( 'NONE',  #2013 ) ;
#412 = ORIENTED_EDGE ( 'NONE', *, *, #1162, .T. ) ;
#413 = VERTEX_POINT ( 'NONE', #2306 ) ;
#414 = EDGE_LOOP ( 'NONE', ( #2953, #2857 ) ) ;
#415 = ADVANCED_FACE ( 'NONE', ( #3206, #708 ), #1494, .T. ) ;
#416 = CARTESIAN_POINT ( 'NONE',  ( 23.50000000000001421, 11.92315482793935999, 41.76483792539833928 ) ) ;
#417 = CARTESIAN_POINT ( 'NONE',  ( 4.500000000000000888, 16.99227787671367906, 19.50615440287049296 ) ) ;
#418 = EDGE_CURVE ( 'NONE', #975, #1862, #2938, .T. ) ;
#419 = CARTESIAN_POINT ( 'NONE',  ( 0.000000000000000000, 0.000000000000000000, 0.000000000000000000 ) ) ;
#420 = ORIENTED_EDGE ( 'NONE', *, *, #396, .T. ) ;
#421 = ORIENTED_EDGE ( 'NONE', *, *, #3022, .T. ) ;
#422 = CARTESIAN_POINT ( 'NONE',  ( -6.499999999999997335, 23.00000000000000000, 0.5000000000000017764 ) ) ;
#423 = ORIENTED_EDGE ( 'NONE', *, *, #633, .T. ) ;
#424 = CARTESIAN_POINT ( 'NONE',  ( 12.49999999999998757, 23.92818622519841298, 7.242640687119426879 ) ) ;
#425 = ORIENTED_EDGE ( 'NONE', *, *, #3053, .F. ) ;
#426 = ORIENTED_EDGE ( 'NONE', *, *, #11, .F. ) ;
#427 = CARTESIAN_POINT ( 'NONE',  ( 9.500000000000000000, 1.999999999999997335, 35.24264068711941178 ) ) ;
#428 = EDGE_CURVE ( 'NONE', #1381, #295, #3185, .T. ) ;
#429 = CARTESIAN_POINT ( 'NONE',  ( 9.500000000000028422, 15.00535169487283760, 41.76483792539835349 ) ) ;
#430 = PLANE ( 'NONE',  #377 ) ;
#431 = ORIENTED_EDGE ( 'NONE', *, *, #1975, .F. ) ;
#432 = VERTEX_POINT ( 'NONE', #2658 ) ;
#433 = ORIENTED_EDGE ( 'NONE', *, *, #1738, .T. ) ;
#434 = DIRECTION ( 'NONE',  ( -1.000000000000000000, 2.478176394252582620E-16, 1.046366436475615588E-31 ) ) ;
#435 = EDGE_CURVE ( 'NONE', #2511, #699, #1335, .T. ) ;
#436 = DIRECTION ( 'NONE',  ( 0.000000000000000000, 1.000000000000000000, 0.000000000000000000 ) ) ;
#437 = ORIENTED_EDGE ( 'NONE', *, *, #1519, .F. ) ;
#438 = CARTESIAN_POINT ( 'NONE',  ( 6.642813506556143822E-15, 1.348734881306911957E-30, 8.242640687119436649 ) ) ;
#439 = ORIENTED_EDGE ( 'NONE', *, *, #3323, .T. ) ;
#440 = DIRECTION ( 'NONE',  ( 0.9664513498471032360, -0.2568497389111231710, 7.823787276523152722E-16 ) ) ;
#441 = ORIENTED_EDGE ( 'NONE', *, *, #1802, .F. ) ;
#442 = ORIENTED_EDGE ( 'NONE', *, *, #1622, .F. ) ;
#443 = AXIS2_PLACEMENT_3D ( 'NONE', #2714, #2966, #1318 ) ;
#444 = DIRECTION ( 'NONE',  ( -2.151659659284524708E-16, -0.8682431421244591885, -0.4961389383568339806 ) ) ;
#445 = VECTOR ( 'NONE', #3507, 1000.000000000000000 ) ;
#446 = AXIS2_PLACEMENT_3D ( 'NONE', #1173, #612, #2351 ) ;
#447 = VECTOR ( 'NONE', #926, 1000.000000000000000 ) ;
#448 = CARTESIAN_POINT ( 'NONE',  ( -24.50000000000000000, 8.000000000000007105, -3.001000000000003887 ) ) ;
#449 = DIRECTION ( 'NONE',  ( 0.000000000000000000, 1.000000000000000000, -0.000000000000000000 ) ) ;
#450 = VECTOR ( 'NONE', #2365, 1000.000000000000000 ) ;
#451 = VERTEX_POINT ( 'NONE', #915 ) ;
#452 = CIRCLE ( 'NONE', #505, 0.9999999999999996669 ) ;
#453 = VERTEX_POINT ( 'NONE', #2032 ) ;
#454 = EDGE_CURVE ( 'NONE', #1862, #3244, #972, .T. ) ;
#455 = EDGE_CURVE ( 'NONE', #153, #1391, #2390, .T. ) ;
#456 = CARTESIAN_POINT ( 'NONE',  ( -9.500000000000000000, 23.00000000000000000, 0.000000000000000000 ) ) ;
#457 = VECTOR ( 'NONE', #2761, 1000.000000000000000 ) ;
#458 = CARTESIAN_POINT ( 'NONE',  ( 21.29670769134563812, 14.06078447122104436, 14.24264068711942244 ) ) ;
#459 = VERTEX_POINT ( 'NONE', #1470 ) ;
#460 = ORIENTED_EDGE ( 'NONE', *, *, #308, .F. ) ;
#461 = CYLINDRICAL_SURFACE ( 'NONE', #3262, 2.999999999999999112 ) ;
#462 = VERTEX_POINT ( 'NONE', #2639 ) ;
#463 = PLANE ( 'NONE',  #2889 ) ;
#464 = ORIENTED_EDGE ( 'NONE', *, *, #3490, .T. ) ;
#465 = CARTESIAN_POINT ( 'NONE',  ( 24.50000000000001421, 1.999999999999997335, 36.24264068711940467 ) ) ;
#466 = CARTESIAN_POINT ( 'NONE',  ( 4.750473518828798939E-15, 17.95701631939472520, 13.07522144105925221 ) ) ;
#467 = VERTEX_POINT ( 'NONE', #893 ) ;
#468 = ORIENTED_EDGE ( 'NONE', *, *, #1327, .F. ) ;
#469 = ORIENTED_EDGE ( 'NONE', *, *, #1492, .T. ) ;
#470 = ADVANCED_FACE ( 'NONE', ( #2576 ), #1736, .T. ) ;
#471 = FACE_OUTER_BOUND ( 'NONE', #392, .T. ) ;
#472 = AXIS2_PLACEMENT_3D ( 'NONE', #553, #2531, #315 ) ;
#473 = AXIS2_PLACEMENT_3D ( 'NONE', #309, #3330, #534 ) ;
#474 = CARTESIAN_POINT ( 'NONE',  ( -12.99999999999999822, 15.50386106164317823, 22.11088382924386764 ) ) ;
#475 = ADVANCED_FACE ( 'NONE', ( #685 ), #2014, .F. ) ;
#476 = VERTEX_POINT ( 'NONE', #410 ) ;
#477 = CARTESIAN_POINT ( 'NONE',  ( 9.500000000000000000, -5.817072295949928215E-15, 44.50000000000000000 ) ) ;
#478 = EDGE_LOOP ( 'NONE', ( #2116, #1063, #3161, #2476 ) ) ;
#479 = CARTESIAN_POINT ( 'NONE',  ( -13.04773088529816150, 24.00000000000000000, 4.479666407797287420 ) ) ;
#480 = PLANE ( 'NONE',  #1851 ) ;
#481 = EDGE_CURVE ( 'NONE', #2265, #462, #2887, .T. ) ;
#482 = FACE_OUTER_BOUND ( 'NONE', #3477, .T. ) ;
#483 = LINE ( 'NONE', #2161, #2546 ) ;
#484 = ORIENTED_EDGE ( 'NONE', *, *, #2260, .T. ) ;
#485 = ORIENTED_EDGE ( 'NONE', *, *, #2872, .F. ) ;
#486 = CARTESIAN_POINT ( 'NONE',  ( 4.499999999999997335, 0.4534810281881691552, 52.48017776193936612 ) ) ;
#487 = DIRECTION ( 'NONE',  ( -0.9664513498471035691, -0.2568497389111221163, 0.000000000000000000 ) ) ;
#488 = CARTESIAN_POINT ( 'NONE',  ( -14.00000000000000711, 0.000000000000000000, 20.24264068711940823 ) ) ;
#489 = CYLINDRICAL_SURFACE ( 'NONE', #1784, 2.000000000000000000 ) ;
#490 = DIRECTION ( 'NONE',  ( 0.000000000000000000, 1.000000000000000000, 0.000000000000000000 ) ) ;
#491 = ORIENTED_EDGE ( 'NONE', *, *, #1217, .T. ) ;
#492 = DIRECTION ( 'NONE',  ( -0.000000000000000000, -1.000000000000000000, 0.000000000000000000 ) ) ;
#493 = DIRECTION ( 'NONE',  ( 1.000000000000000000, 0.000000000000000000, -1.714505518806293159E-16 ) ) ;
#494 = DIRECTION ( 'NONE',  ( 0.000000000000000000, 1.000000000000000000, -0.000000000000000000 ) ) ;
#495 = ORIENTED_EDGE ( 'NONE', *, *, #1457, .F. ) ;
#496 = VECTOR ( 'NONE', #3411, 1000.000000000000000 ) ;
#497 = AXIS2_PLACEMENT_3D ( 'NONE', #2976, #769, #1325 ) ;
#499 = EDGE_CURVE ( 'NONE', #295, #721, #1925, .T. ) ;
#498 = ORIENTED_EDGE ( 'NONE', *, *, #2642, .F. ) ;
#500 = ADVANCED_FACE ( 'NONE', ( #930 ), #2049, .T. ) ;
#501 = PLANE ( 'NONE',  #3196 ) ;
#502 = AXIS2_PLACEMENT_3D ( 'NONE', #416, #1824, #1028 ) ;
#503 = CARTESIAN_POINT ( 'NONE',  ( -14.89647917781741882, 24.00000000000000000, 5.242640687119425991 ) ) ;
#504 = AXIS2_PLACEMENT_3D ( 'NONE', #782, #492, #2723 ) ;
#505 = AXIS2_PLACEMENT_3D ( 'NONE', #1032, #779, #2100 ) ;
#506 = CARTESIAN_POINT ( 'NONE',  ( 12.49999999999999645, 0.000000000000000000, -4.592425496802572789E-15 ) ) ;
#507 = EDGE_CURVE ( 'NONE', #1043, #551, #1222, .T. ) ;
#508 = ORIENTED_EDGE ( 'NONE', *, *, #1404, .T. ) ;
#509 = AXIS2_PLACEMENT_3D ( 'NONE', #3609, #2515, #8 ) ;
#510 = PLANE ( 'NONE',  #3307 ) ;
#511 = VERTEX_POINT ( 'NONE', #738 ) ;
#512 = CARTESIAN_POINT ( 'NONE',  ( 9.499999999999998224, 24.00000000000000000, -1.224646799147350495E-16 ) ) ;
#513 = VERTEX_POINT ( 'NONE', #757 ) ;
#514 = CARTESIAN_POINT ( 'NONE',  ( -12.49999999999999645, 24.00000000000000000, -2.999999999999999112 ) ) ;
#515 = EDGE_CURVE ( 'NONE', #2168, #2682, #240, .T. ) ;
#516 = ADVANCED_BREP_SHAPE_REPRESENTATION ( '\X2\4e09901a59297ebf5ea7\X0\', ( #1732, #3369 ), #1856 ) ;
#517 = CARTESIAN_POINT ( 'NONE',  ( -14.00000000000000711, 16.00000000000001066, -3.000999999999999446 ) ) ;
#518 = SURFACE_STYLE_FILL_AREA ( #3520 ) ;
#519 = ORIENTED_EDGE ( 'NONE', *, *, #3172, .F. ) ;
#520 = DIRECTION ( 'NONE',  ( -0.000000000000000000, 1.224646799147353454E-16, -1.000000000000000000 ) ) ;
#521 = DIRECTION ( 'NONE',  ( 1.000000000000000000, -9.637352644315549637E-17, 7.709882115452439709E-16 ) ) ;
#522 = VERTEX_POINT ( 'NONE', #1602 ) ;
#523 = EDGE_CURVE ( 'NONE', #2155, #721, #1053, .T. ) ;
#524 = DIRECTION ( 'NONE',  ( -0.7071067811865525687, 0.000000000000000000, 0.7071067811865425767 ) ) ;
#525 = VECTOR ( 'NONE', #1113, 1000.000000000000000 ) ;
#526 = VECTOR ( 'NONE', #365, 1000.000000000000000 ) ;
#527 = EDGE_LOOP ( 'NONE', ( #3181, #3555, #2624, #2331, #1273 ) ) ;
#528 = EDGE_CURVE ( 'NONE', #2228, #2906, #204, .T. ) ;
#529 = DIRECTION ( 'NONE',  ( -1.000000000000000000, 0.000000000000000000, -8.095376221225113908E-16 ) ) ;
#530 = CARTESIAN_POINT ( 'NONE',  ( -12.49999999999998757, 23.92818622519841298, 7.242640687119426879 ) ) ;
#531 = LINE ( 'NONE', #514, #1954 ) ;
#532 = ORIENTED_EDGE ( 'NONE', *, *, #690, .F. ) ;
#533 = ORIENTED_EDGE ( 'NONE', *, *, #2203, .T. ) ;
#534 = DIRECTION ( 'NONE',  ( 0.000000000000000000, -0.000000000000000000, -1.000000000000000000 ) ) ;
#535 = ORIENTED_EDGE ( 'NONE', *, *, #2518, .F. ) ;
#536 = DIRECTION ( 'NONE',  ( 0.000000000000000000, 1.000000000000000000, 0.000000000000000000 ) ) ;
#537 = ADVANCED_FACE ( 'NONE', ( #482 ), #2454, .T. ) ;
#538 = VERTEX_POINT ( 'NONE', #3242 ) ;
#539 = DIRECTION ( 'NONE',  ( 0.000000000000000000, 0.7071067811865526798, 0.7071067811865423547 ) ) ;
#540 = DIRECTION ( 'NONE',  ( 0.6225126250651912274, -0.4742953333830030038, -0.6225126250651875637 ) ) ;
#541 = DIRECTION ( 'NONE',  ( -0.000000000000000000, -1.000000000000000000, -0.000000000000000000 ) ) ;
#542 = ORIENTED_EDGE ( 'NONE', *, *, #963, .F. ) ;
#543 = DIRECTION ( 'NONE',  ( -1.507532509004169868E-46, 1.000000000000000000, -1.862214266276592357E-31 ) ) ;
#544 = ADVANCED_FACE ( 'NONE', ( #1871 ), #1309, .F. ) ;
#545 = CARTESIAN_POINT ( 'NONE',  ( 12.49999999999999645, 24.00000000000000000, -4.592425496802572789E-15 ) ) ;
#546 = ORIENTED_EDGE ( 'NONE', *, *, #1276, .F. ) ;
#547 = DIRECTION ( 'NONE',  ( 1.714505518806293159E-16, -0.000000000000000000, 1.000000000000000000 ) ) ;
#548 = DIRECTION ( 'NONE',  ( -1.000000000000000000, 0.000000000000000000, 4.956352788505163268E-16 ) ) ;
#549 = CARTESIAN_POINT ( 'NONE',  ( 24.49999999999999289, 8.000000000000007105, 16.74264068711941889 ) ) ;
#550 = LINE ( 'NONE', #253, #715 ) ;
#551 = VERTEX_POINT ( 'NONE', #724 ) ;
#552 = DIRECTION ( 'NONE',  ( 8.054073281320901773E-16, -1.862214266276592357E-31, -1.000000000000000000 ) ) ;
#553 = CARTESIAN_POINT ( 'NONE',  ( 13.99999999999999112, 24.00000000000000000, -6.938893903907224433E-15 ) ) ;
#554 = DIRECTION ( 'NONE',  ( 1.000000000000000000, -0.000000000000000000, -0.000000000000000000 ) ) ;
#555 = DIRECTION ( 'NONE',  ( 0.000000000000000000, 0.000000000000000000, 1.000000000000000000 ) ) ;
#556 = VECTOR ( 'NONE', #1211, 1000.000000000000000 ) ;
#557 = PRESENTATION_LAYER_ASSIGNMENT (  '', '', ( #1776 ) ) ;
#558 = EDGE_CURVE ( 'NONE', #1185, #3498, #1835, .T. ) ;
#559 = AXIS2_PLACEMENT_3D ( 'NONE', #651, #919, #2037 ) ;
#560 = EDGE_CURVE ( 'NONE', #2017, #938, #1007, .T. ) ;
#561 = VECTOR ( 'NONE', #332, 1000.000000000000000 ) ;
#562 = CARTESIAN_POINT ( 'NONE',  ( -9.499999999999998224, 24.00000000000000000, 0.000000000000000000 ) ) ;
#563 = VECTOR ( 'NONE', #3532, 1000.000000000000114 ) ;
#564 = AXIS2_PLACEMENT_3D ( 'NONE', #2737, #813, #2267 ) ;
#565 = DIRECTION ( 'NONE',  ( 0.000000000000000000, 0.000000000000000000, 1.000000000000000000 ) ) ;
#566 = ORIENTED_EDGE ( 'NONE', *, *, #1320, .T. ) ;
#567 = CARTESIAN_POINT ( 'NONE',  ( -14.62132034355966503, 24.00000000000000000, 2.121320343559611743 ) ) ;
#568 = CARTESIAN_POINT ( 'NONE',  ( 13.04773088529816150, 0.000000000000000000, 4.479666407797287420 ) ) ;
#569 = FACE_OUTER_BOUND ( 'NONE', #22, .T. ) ;
#570 = ORIENTED_EDGE ( 'NONE', *, *, #1412, .T. ) ;
#571 = AXIS2_PLACEMENT_3D ( 'NONE', #1260, #1819, #2108 ) ;
#572 = LINE ( 'NONE', #1677, #2458 ) ;
#573 = ORIENTED_EDGE ( 'NONE', *, *, #428, .F. ) ;
#574 = LINE ( 'NONE', #1358, #2832 ) ;
#575 = ORIENTED_EDGE ( 'NONE', *, *, #1930, .F. ) ;
#576 = LINE ( 'NONE', #1922, #2795 ) ;
#577 = EDGE_CURVE ( 'NONE', #1383, #3497, #872, .T. ) ;
#578 = CARTESIAN_POINT ( 'NONE',  ( 13.99999999999999645, 16.00000000000001421, -3.001000000000003887 ) ) ;
#579 = LINE ( 'NONE', #259, #2831 ) ;
#580 = CARTESIAN_POINT ( 'NONE',  ( 23.49999999999998579, 11.92315482793935999, 8.242640687119418885 ) ) ;
#581 = CARTESIAN_POINT ( 'NONE',  ( 13.00000000000001776, 0.4961389383568327038, 48.37439754499493461 ) ) ;
#582 = CARTESIAN_POINT ( 'NONE',  ( -12.51950104830841504, 24.00000000000000000, 6.711511812970145208 ) ) ;
#583 = ORIENTED_EDGE ( 'NONE', *, *, #2561, .F. ) ;
#584 = CARTESIAN_POINT ( 'NONE',  ( 6.642813506556143822E-15, 14.00535169487283760, 8.242640687119436649 ) ) ;
#585 = CIRCLE ( 'NONE', #644, 0.9999999999999996669 ) ;
#586 = EDGE_LOOP ( 'NONE', ( #3259, #661, #187, #1646, #3375, #2056, #573 ) ) ;
#587 = CARTESIAN_POINT ( 'NONE',  ( -11.90258380183474785, 15.00535169487283760, 9.242640687119434872 ) ) ;
#588 = PLANE ( 'NONE',  #2492 ) ;
#589 = EDGE_CURVE ( 'NONE', #1981, #3325, #3227, .T. ) ;
#590 = VECTOR ( 'NONE', #334, 1000.000000000000227 ) ;
#591 = CARTESIAN_POINT ( 'NONE',  ( -13.99999999999999645, 16.00000000000001421, -3.001000000000003887 ) ) ;
#592 = CARTESIAN_POINT ( 'NONE',  ( -4.499999999999981348, 13.46087738103789277, 20.94346458318370807 ) ) ;
#593 = ORIENTED_EDGE ( 'NONE', *, *, #963, .T. ) ;
#594 = LINE ( 'NONE', #1935, #2192 ) ;
#595 = VECTOR ( 'NONE', #2845, 1000.000000000000227 ) ;
#596 = EDGE_CURVE ( 'NONE', #3217, #742, #1277, .T. ) ;
#597 = LINE ( 'NONE', #2796, #2566 ) ;
#598 = CARTESIAN_POINT ( 'NONE',  ( 14.00000000000001776, 21.20945885274676357, 24.21947431726041344 ) ) ;
#599 = CARTESIAN_POINT ( 'NONE',  ( 9.500000000000000000, -5.817072295949928215E-15, 44.50000000000000000 ) ) ;
#600 = DIRECTION ( 'NONE',  ( 0.000000000000000000, -0.8682431421244590775, -0.4961389383568339806 ) ) ;
#601 = ORIENTED_EDGE ( 'NONE', *, *, #2109, .F. ) ;
#602 = DIRECTION ( 'NONE',  ( 8.095376221225112922E-16, 0.000000000000000000, -1.000000000000000000 ) ) ;
#603 = DIRECTION ( 'NONE',  ( 5.724295422284621434E-16, -0.7071067811865456854, -0.7071067811865493491 ) ) ;
#604 = CARTESIAN_POINT ( 'NONE',  ( -12.99999999999999822, 15.50386106164317823, 22.11088382924386764 ) ) ;
#605 = B_SPLINE_CURVE_WITH_KNOTS ( 'NONE', 3,
 ( #2802, #2264, #1687, #582 ),
 .UNSPECIFIED., .F., .F.,
 ( 4, 4 ),
 ( 0.000000000000000000, 0.0005363165017892557694 ),
 .UNSPECIFIED. ) ;
#606 = PLANE ( 'NONE',  #473 ) ;
#607 = DIRECTION ( 'NONE',  ( -0.000000000000000000, -1.000000000000000000, -0.000000000000000000 ) ) ;
#608 = LINE ( 'NONE', #2493, #3445 ) ;
#609 = CARTESIAN_POINT ( 'NONE',  ( -23.49999999999999645, 11.92315482793935999, 20.24264068711939757 ) ) ;
#610 = ORIENTED_EDGE ( 'NONE', *, *, #96, .F. ) ;
#611 = ADVANCED_FACE ( 'NONE', ( #3552 ), #2404, .F. ) ;
#612 = DIRECTION ( 'NONE',  ( -0.2568497389111223383, 0.9664513498471034580, 0.000000000000000000 ) ) ;
#613 = VECTOR ( 'NONE', #1482, 1000.000000000000000 ) ;
#614 = VECTOR ( 'NONE', #1713, 1000.000000000000114 ) ;
#615 = VERTEX_POINT ( 'NONE', #3261 ) ;
#616 = CARTESIAN_POINT ( 'NONE',  ( -19.99999999999995737, 14.40540505871245358, 7.242640687119421550 ) ) ;
#617 = ADVANCED_FACE ( 'NONE', ( #2678 ), #177, .T. ) ;
#618 = LINE ( 'NONE', #1729, #496 ) ;
#619 = CIRCLE ( 'NONE', #1721, 2.061552812808828516 ) ;
#620 = DIRECTION ( 'NONE',  ( 0.000000000000000000, 0.8682431421244590775, 0.4961389383568339806 ) ) ;
#621 = VECTOR ( 'NONE', #1386, 1000.000000000000000 ) ;
#622 = VERTEX_POINT ( 'NONE', #2694 ) ;
#623 = DIRECTION ( 'NONE',  ( -0.6060432152628563163, 0.7954317200324986237, 0.000000000000000000 ) ) ;
#624 = VERTEX_POINT ( 'NONE', #1292 ) ;
#625 = DIRECTION ( 'NONE',  ( 0.000000000000000000, 1.000000000000000000, 0.000000000000000000 ) ) ;
#626 = VECTOR ( 'NONE', #2326, 1000.000000000000000 ) ;
#627 = CARTESIAN_POINT ( 'NONE',  ( 12.49999999999999645, 0.000000000000000000, -4.592425496802572789E-15 ) ) ;
#628 = CARTESIAN_POINT ( 'NONE',  ( -11.90258380183475495, 15.00535169487283760, 19.24264068711940112 ) ) ;
#629 = EDGE_LOOP ( 'NONE', ( #278, #610, #1767, #2102 ) ) ;
#630 = ADVANCED_FACE ( 'NONE', ( #2989 ), #2705, .F. ) ;
#631 = VECTOR ( 'NONE', #1049, 1000.000000000000000 ) ;
#632 = DIRECTION ( 'NONE',  ( -0.000000000000000000, -1.000000000000000000, -0.000000000000000000 ) ) ;
#633 = EDGE_CURVE ( 'NONE', #1971, #2940, #1888, .T. ) ;
#634 = LINE ( 'NONE', #653, #747 ) ;
#635 = CARTESIAN_POINT ( 'NONE',  ( 13.04773088529816150, 16.00000000000001421, 4.479666407797287420 ) ) ;
#636 = DIRECTION ( 'NONE',  ( 1.000000000000000000, 0.000000000000000000, 0.000000000000000000 ) ) ;
#637 = VERTEX_POINT ( 'NONE', #2725 ) ;
#638 = LINE ( 'NONE', #1746, #1167 ) ;
#639 = EDGE_LOOP ( 'NONE', ( #2241, #3488, #1281, #3509 ) ) ;
#640 = DIRECTION ( 'NONE',  ( -1.229519805305442549E-16, -0.4961389383568340361, 0.8682431421244591885 ) ) ;
#641 = ORIENTED_EDGE ( 'NONE', *, *, #1571, .F. ) ;
#642 = ORIENTED_EDGE ( 'NONE', *, *, #454, .T. ) ;
#643 = DIRECTION ( 'NONE',  ( 8.095376221225115880E-16, 6.167905692361995352E-16, 1.000000000000000000 ) ) ;
#644 = AXIS2_PLACEMENT_3D ( 'NONE', #1424, #2000, #2800 ) ;
#645 = CIRCLE ( 'NONE', #2743, 0.5000000000000000000 ) ;
#646 = CARTESIAN_POINT ( 'NONE',  ( 24.50000000000000000, 8.000000000000007105, -3.001000000000003887 ) ) ;
#647 = CARTESIAN_POINT ( 'NONE',  ( 20.00000000000001066, 4.571428571428580945, 21.24264068711941889 ) ) ;
#648 = EDGE_CURVE ( 'NONE', #2397, #849, #223, .T. ) ;
#649 = VERTEX_POINT ( 'NONE', #1916 ) ;
#650 = ORIENTED_EDGE ( 'NONE', *, *, #2411, .T. ) ;
#651 = CARTESIAN_POINT ( 'NONE',  ( -5.999999999999996447, 20.00000000000001066, 14.24264068711941356 ) ) ;
#652 = ORIENTED_EDGE ( 'NONE', *, *, #302, .F. ) ;
#653 = CARTESIAN_POINT ( 'NONE',  ( -5.999999999999998224, 24.00000000000000000, 1.000000000000003331 ) ) ;
#654 = FACE_BOUND ( 'NONE', #143, .T. ) ;
#655 = ADVANCED_FACE ( 'NONE', ( #1415 ), #2246, .F. ) ;
#656 = ORIENTED_EDGE ( 'NONE', *, *, #2794, .T. ) ;
#657 = FACE_OUTER_BOUND ( 'NONE', #1890, .T. ) ;
#658 = ORIENTED_EDGE ( 'NONE', *, *, #3232, .T. ) ;
#659 = CARTESIAN_POINT ( 'NONE',  ( -14.89647917781742414, 15.76174647301379572, 7.242640687119425991 ) ) ;
#660 = EDGE_LOOP ( 'NONE', ( #1742, #3528, #2559, #90 ) ) ;
#661 = ORIENTED_EDGE ( 'NONE', *, *, #1957, .T. ) ;
#662 = DIRECTION ( 'NONE',  ( -0.9664513498471035691, 0.2568497389111222828, 0.000000000000000000 ) ) ;
#663 = DIRECTION ( 'NONE',  ( -0.000000000000000000, -1.000000000000000000, -0.000000000000000000 ) ) ;
#664 = LINE ( 'NONE', #1770, #626 ) ;
#665 = EDGE_CURVE ( 'NONE', #2512, #1473, #3049, .T. ) ;
#666 = ORIENTED_EDGE ( 'NONE', *, *, #2732, .F. ) ;
#667 = CARTESIAN_POINT ( 'NONE',  ( 6.348905498225319022, -5.829405334685472617, -4.908453814655415748 ) ) ;
#668 = EDGE_CURVE ( 'NONE', #2363, #825, #1447, .T. ) ;
#669 = ORIENTED_EDGE ( 'NONE', *, *, #777, .T. ) ;
#670 = DIRECTION ( 'NONE',  ( 0.000000000000000000, 0.000000000000000000, 1.000000000000000000 ) ) ;
#671 = DIRECTION ( 'NONE',  ( -1.000000000000000000, 0.000000000000000000, -8.054073281320901773E-16 ) ) ;
#672 = EDGE_LOOP ( 'NONE', ( #1047, #3162, #186, #468, #2588 ) ) ;
#673 = CIRCLE ( 'NONE', #1357, 2.061552812808828516 ) ;
#674 = CIRCLE ( 'NONE', #2713, 3.050000000000004707 ) ;
#675 = ORIENTED_EDGE ( 'NONE', *, *, #1048, .F. ) ;
#676 = CARTESIAN_POINT ( 'NONE',  ( 4.895329467358458864, 18.41971026224004504, 7.242640687119433984 ) ) ;
#677 = ORIENTED_EDGE ( 'NONE', *, *, #1581, .T. ) ;
#678 = VECTOR ( 'NONE', #2921, 1000.000000000000227 ) ;
#679 = CARTESIAN_POINT ( 'NONE',  ( -12.43082468251822270, -7.424324389945814673, 14.24264068711942244 ) ) ;
#680 = VECTOR ( 'NONE', #876, 1000.000000000000000 ) ;
#681 = ORIENTED_EDGE ( 'NONE', *, *, #262, .T. ) ;
#682 = DIRECTION ( 'NONE',  ( -1.000000000000000000, -0.000000000000000000, 0.000000000000000000 ) ) ;
#683 = ADVANCED_FACE ( 'NONE', ( #2489 ), #606, .F. ) ;
#684 = VECTOR ( 'NONE', #871, 1000.000000000000000 ) ;
#685 = FACE_OUTER_BOUND ( 'NONE', #3422, .T. ) ;
#686 = DIRECTION ( 'NONE',  ( 0.000000000000000000, 1.000000000000000000, 0.000000000000000000 ) ) ;
#687 = ORIENTED_EDGE ( 'NONE', *, *, #2508, .F. ) ;
#688 = VERTEX_POINT ( 'NONE', #1397 ) ;
#689 = ORIENTED_EDGE ( 'NONE', *, *, #2396, .F. ) ;
#690 = EDGE_CURVE ( 'NONE', #1111, #1652, #2543, .T. ) ;
#691 = VECTOR ( 'NONE', #245, 1000.000000000000114 ) ;
#692 = CARTESIAN_POINT ( 'NONE',  ( -12.49999999999999645, 0.000000000000000000, -2.999999999999999112 ) ) ;
#693 = ORIENTED_EDGE ( 'NONE', *, *, #1959, .T. ) ;
#694 = DIRECTION ( 'NONE',  ( 8.095376221225112922E-16, -0.000000000000000000, -1.000000000000000000 ) ) ;
#695 = CARTESIAN_POINT ( 'NONE',  ( 14.00000000000000888, -2.602085213965209853E-15, 36.24264068711941178 ) ) ;
#696 = DIRECTION ( 'NONE',  ( 2.151659659284525201E-16, 0.8682431421244590775, 0.4961389383568339806 ) ) ;
#697 = EDGE_CURVE ( 'NONE', #1502, #2880, #1934, .T. ) ;
#698 = ORIENTED_EDGE ( 'NONE', *, *, #198, .F. ) ;
#699 = VERTEX_POINT ( 'NONE', #39 ) ;
#700 = LINE ( 'NONE', #2009, #1044 ) ;
#701 = CARTESIAN_POINT ( 'NONE',  ( -12.49999999999999645, 24.00000000000000000, 0.000000000000000000 ) ) ;
#702 = ORIENTED_EDGE ( 'NONE', *, *, #882, .T. ) ;
#703 = ORIENTED_EDGE ( 'NONE', *, *, #1874, .F. ) ;
#704 = DIRECTION ( 'NONE',  ( 8.673617379884035472E-16, 3.469446951953614189E-15, -1.000000000000000000 ) ) ;
#705 = ADVANCED_FACE ( 'NONE', ( #2791 ), #1123, .F. ) ;
#706 = EDGE_CURVE ( 'NONE', #391, #2940, #2509, .T. ) ;
#707 = CIRCLE ( 'NONE', #1156, 2.061552812808828516 ) ;
#708 = FACE_OUTER_BOUND ( 'NONE', #3145, .T. ) ;
#709 = CARTESIAN_POINT ( 'NONE',  ( -9.500000000000000000, -5.817072295949928215E-15, 44.50000000000000000 ) ) ;
#710 = EDGE_CURVE ( 'NONE', #2618, #2632, #833, .T. ) ;
#711 = EDGE_LOOP ( 'NONE', ( #1039, #1226 ) ) ;
#712 = ORIENTED_EDGE ( 'NONE', *, *, #2173, .T. ) ;
#713 = EDGE_LOOP ( 'NONE', ( #812, #1917, #384, #656 ) ) ;
#714 = CARTESIAN_POINT ( 'NONE',  ( -9.500000000000001776, 15.00535169487283760, 9.242640687119436649 ) ) ;
#715 = VECTOR ( 'NONE', #1356, 1000.000000000000000 ) ;
#716 = CARTESIAN_POINT ( 'NONE',  ( 12.49999999999999645, 0.000000000000000000, -4.592425496802572789E-15 ) ) ;
#717 = ORIENTED_EDGE ( 'NONE', *, *, #1648, .F. ) ;
#718 = DIRECTION ( 'NONE',  ( 0.000000000000000000, 1.000000000000000000, -0.000000000000000000 ) ) ;
#719 = LINE ( 'NONE', #3277, #1091 ) ;
#720 = ORIENTED_EDGE ( 'NONE', *, *, #1920, .F. ) ;
#721 = VERTEX_POINT ( 'NONE', #2757 ) ;
#722 = CARTESIAN_POINT ( 'NONE',  ( 13.99999999999999645, 3.000000000000000000, 8.242640687119424214 ) ) ;
#723 = EDGE_CURVE ( 'NONE', #2512, #2934, #1, .T. ) ;
#724 = CARTESIAN_POINT ( 'NONE',  ( -13.99999999999999112, 16.00000000000001421, 30.40779207703107900 ) ) ;
#725 = ORIENTED_EDGE ( 'NONE', *, *, #2261, .F. ) ;
#726 = ORIENTED_EDGE ( 'NONE', *, *, #481, .T. ) ;
#727 = ORIENTED_EDGE ( 'NONE', *, *, #633, .F. ) ;
#728 = CARTESIAN_POINT ( 'NONE',  ( -18.34903107431196645, 14.84417617489997099, 14.24264068711942244 ) ) ;
#729 = DIRECTION ( 'NONE',  ( 0.000000000000000000, 0.000000000000000000, 1.000000000000000000 ) ) ;
#730 = ORIENTED_EDGE ( 'NONE', *, *, #1261, .T. ) ;
#731 = EDGE_CURVE ( 'NONE', #3524, #1672, #550, .T. ) ;
#732 = CARTESIAN_POINT ( 'NONE',  ( -6.999999999999997335, 24.00000000000000000, 0.5000000000000000000 ) ) ;
#733 = ORIENTED_EDGE ( 'NONE', *, *, #1863, .T. ) ;
#734 = DIRECTION ( 'NONE',  ( 0.000000000000000000, -0.4961389383568339251, 0.8682431421244591885 ) ) ;
#735 = DIRECTION ( 'NONE',  ( -0.000000000000000000, -1.000000000000000000, 0.000000000000000000 ) ) ;
#736 = VECTOR ( 'NONE', #1754, 1000.000000000000114 ) ;
#737 = VECTOR ( 'NONE', #1188, 1000.000000000000000 ) ;
#738 = CARTESIAN_POINT ( 'NONE',  ( -9.500000000000001776, 3.999999999999997335, 33.68108787431058460 ) ) ;
#739 = DIRECTION ( 'NONE',  ( -0.2568497389111223383, -0.9664513498471035691, -0.000000000000000000 ) ) ;
#740 = PRODUCT_RELATED_PRODUCT_CATEGORY ( 'part', '', ( #1108 ) ) ;
#741 = VECTOR ( 'NONE', #1833, 1000.000000000000227 ) ;
#742 = VERTEX_POINT ( 'NONE', #1970 ) ;
#743 = DIRECTION ( 'NONE',  ( 0.000000000000000000, 0.000000000000000000, 1.000000000000000000 ) ) ;
#744 = ORIENTED_EDGE ( 'NONE', *, *, #1268, .T. ) ;
#745 = LINE ( 'NONE', #3249, #678 ) ;
#746 = EDGE_CURVE ( 'NONE', #3151, #3344, #3088, .T. ) ;
#747 = VECTOR ( 'NONE', #1481, 1000.000000000000000 ) ;
#748 = DIRECTION ( 'NONE',  ( -1.000000000000000000, -0.000000000000000000, 4.336808689942017736E-16 ) ) ;
#749 = EDGE_CURVE ( 'NONE', #93, #3317, #572, .T. ) ;
#750 = ORIENTED_EDGE ( 'NONE', *, *, #845, .F. ) ;
#751 = AXIS2_PLACEMENT_3D ( 'NONE', #1547, #2673, #2414 ) ;
#752 = CARTESIAN_POINT ( 'NONE',  ( -12.49999999999999645, 24.00000000000000000, -2.550000000000000711 ) ) ;
#753 = ORIENTED_EDGE ( 'NONE', *, *, #3207, .T. ) ;
#754 = DIRECTION ( 'NONE',  ( -2.151659659284524954E-16, -0.8682431421244590775, -0.4961389383568339806 ) ) ;
#755 = EDGE_LOOP ( 'NONE', ( #1359, #3291 ) ) ;
#756 = FACE_OUTER_BOUND ( 'NONE', #1535, .T. ) ;
#757 = CARTESIAN_POINT ( 'NONE',  ( -23.49999999999998934, 11.92315482793935999, 12.24264068711943310 ) ) ;
#758 = CARTESIAN_POINT ( 'NONE',  ( 12.49999999999999645, 24.00000000000000000, -4.592425496802572789E-15 ) ) ;
#759 = ORIENTED_EDGE ( 'NONE', *, *, #2904, .F. ) ;
#760 = EDGE_LOOP ( 'NONE', ( #875, #2608, #1911, #1973 ) ) ;
#761 = FACE_OUTER_BOUND ( 'NONE', #343, .T. ) ;
#762 = LINE ( 'NONE', #1564, #3418 ) ;
#763 = CARTESIAN_POINT ( 'NONE',  ( 13.00000000000001776, 5.705597791103592442, 51.35123117513594337 ) ) ;
#764 = PLANE ( 'NONE',  #1498 ) ;
#765 = DIRECTION ( 'NONE',  ( -0.000000000000000000, -1.000000000000000000, -0.000000000000000000 ) ) ;
#766 = LINE ( 'NONE', #191, #265 ) ;
#767 = EDGE_CURVE ( 'NONE', #1846, #2930, #3603, .T. ) ;
#768 = DIRECTION ( 'NONE',  ( 2.891205793294678326E-16, -0.4961389383568339251, 0.8682431421244591885 ) ) ;
#769 = DIRECTION ( 'NONE',  ( -1.000000000000000000, -0.000000000000000000, 0.000000000000000000 ) ) ;
#770 = ORIENTED_EDGE ( 'NONE', *, *, #16, .T. ) ;
#771 = VERTEX_POINT ( 'NONE', #1657 ) ;
#772 = EDGE_CURVE ( 'NONE', #2115, #2070, #331, .T. ) ;
#773 = DIRECTION ( 'NONE',  ( 0.000000000000000000, 0.000000000000000000, -1.000000000000000000 ) ) ;
#774 = FACE_OUTER_BOUND ( 'NONE', #2869, .T. ) ;
#775 = ORIENTED_EDGE ( 'NONE', *, *, #1320, .F. ) ;
#776 = DIRECTION ( 'NONE',  ( -9.637352644315549637E-17, 1.000000000000000000, 7.801799543235308852E-32 ) ) ;
#777 = EDGE_CURVE ( 'NONE', #1839, #3367, #1378, .T. ) ;
#778 = ORIENTED_EDGE ( 'NONE', *, *, #723, .F. ) ;
#779 = DIRECTION ( 'NONE',  ( 0.000000000000000000, 0.8682431421244590775, 0.4961389383568343137 ) ) ;
#780 = FACE_OUTER_BOUND ( 'NONE', #102, .T. ) ;
#781 = EDGE_LOOP ( 'NONE', ( #1341, #998, #2093, #2580, #1745, #995, #2300, #997 ) ) ;
#782 = CARTESIAN_POINT ( 'NONE',  ( 6.000000000009624301, 24.00000000000000000, 0.5000043879513039746 ) ) ;
#783 = DIRECTION ( 'NONE',  ( -2.312139710220244630E-16, -1.000000000000000000, 0.000000000000000000 ) ) ;
#784 = FACE_OUTER_BOUND ( 'NONE', #1237, .T. ) ;
#785 = EDGE_CURVE ( 'NONE', #1411, #1500, #3347, .T. ) ;
#786 = VERTEX_POINT ( 'NONE', #964 ) ;
#787 = VECTOR ( 'NONE', #748, 1000.000000000000000 ) ;
#788 = VECTOR ( 'NONE', #3002, 1000.000000000000000 ) ;
#789 = ORIENTED_EDGE ( 'NONE', *, *, #2611, .T. ) ;
#790 = CARTESIAN_POINT ( 'NONE',  ( -19.74264068711959652, 16.00000000000001421, 7.242640687119425991 ) ) ;
#791 = CIRCLE ( 'NONE', #3012, 2.061552812808828516 ) ;
#792 = DIRECTION ( 'NONE',  ( 0.000000000000000000, 0.000000000000000000, 1.000000000000000000 ) ) ;
#793 = ADVANCED_FACE ( 'NONE', ( #3401 ), #2633, .T. ) ;
#794 = AXIS2_PLACEMENT_3D ( 'NONE', #1553, #2677, #2866 ) ;
#795 = PLANE ( 'NONE',  #381 ) ;
#796 = ORIENTED_EDGE ( 'NONE', *, *, #3472, .T. ) ;
#797 = LINE ( 'NONE', #567, #1026 ) ;
#798 = EDGE_CURVE ( 'NONE', #2844, #1853, #638, .T. ) ;
#799 = CARTESIAN_POINT ( 'NONE',  ( 24.49999999999998579, 0.000000000000000000, 7.242640687119417997 ) ) ;
#800 = DIRECTION ( 'NONE',  ( 0.000000000000000000, 1.000000000000000000, 0.000000000000000000 ) ) ;
#801 = DIRECTION ( 'NONE',  ( 0.000000000000000000, -0.4961389383568339806, 0.8682431421244592995 ) ) ;
#802 = CARTESIAN_POINT ( 'NONE',  ( -9.500000000000000000, -5.817072295949928215E-15, 44.50000000000000000 ) ) ;
#803 = ORIENTED_EDGE ( 'NONE', *, *, #2409, .T. ) ;
#804 = VERTEX_POINT ( 'NONE', #110 ) ;
#805 = EDGE_CURVE ( 'NONE', #1411, #413, #1486, .T. ) ;
#806 = DIRECTION ( 'NONE',  ( -4.956352788505164254E-16, 1.317229180631145185E-16, -1.000000000000000000 ) ) ;
#807 = LINE ( 'NONE', #1626, #3016 ) ;
#808 = CARTESIAN_POINT ( 'NONE',  ( 24.50000000000001421, 0.000000000000000000, 35.24264068711940467 ) ) ;
#809 = AXIS2_PLACEMENT_3D ( 'NONE', #3351, #2235, #257 ) ;
#810 = FACE_BOUND ( 'NONE', #414, .T. ) ;
#811 = AXIS2_PLACEMENT_3D ( 'NONE', #1532, #1753, #2325 ) ;
#812 = ORIENTED_EDGE ( 'NONE', *, *, #229, .F. ) ;
#813 = DIRECTION ( 'NONE',  ( 0.2568497389111232265, -0.9664513498471033470, 2.079295268808985544E-16 ) ) ;
#814 = CARTESIAN_POINT ( 'NONE',  ( 14.58379356617868972, 0.4447950980409125510, 7.242640687119425991 ) ) ;
#815 = DIRECTION ( 'NONE',  ( 0.000000000000000000, 0.000000000000000000, 1.000000000000000000 ) ) ;
#816 = CARTESIAN_POINT ( 'NONE',  ( -13.99999999999999467, 21.20945885274677067, 24.21947431726041344 ) ) ;
#817 = ORIENTED_EDGE ( 'NONE', *, *, #2303, .T. ) ;
#818 = DIRECTION ( 'NONE',  ( -0.9664513498471035691, -0.2568497389111221163, 0.000000000000000000 ) ) ;
#819 = EDGE_CURVE ( 'NONE', #333, #3498, #2907, .T. ) ;
#820 = DIRECTION ( 'NONE',  ( 0.000000000000000000, -0.4961389383568339806, 0.8682431421244592995 ) ) ;
#821 = LINE ( 'NONE', #578, #2607 ) ;
#822 = CARTESIAN_POINT ( 'NONE',  ( -14.00000000000000711, 3.000000000000000000, 20.24264068711940823 ) ) ;
#823 = FACE_OUTER_BOUND ( 'NONE', #639, .T. ) ;
#824 = FACE_BOUND ( 'NONE', #755, .T. ) ;
#825 = VERTEX_POINT ( 'NONE', #2931 ) ;
#826 = VERTEX_POINT ( 'NONE', #3178 ) ;
#827 = DIRECTION ( 'NONE',  ( 0.000000000000000000, 0.000000000000000000, -1.000000000000000000 ) ) ;
#828 = ORIENTED_EDGE ( 'NONE', *, *, #2967, .F. ) ;
#829 = DIRECTION ( 'NONE',  ( -1.000000000000000000, 1.868163743359639168E-16, 1.067522139062651657E-16 ) ) ;
#830 = CARTESIAN_POINT ( 'NONE',  ( 9.500000000000000000, 1.999999999999997335, 36.24264068711941178 ) ) ;
#831 = LINE ( 'NONE', #1275, #525 ) ;
#832 = EDGE_CURVE ( 'NONE', #3497, #1241, #361, .T. ) ;
#833 = LINE ( 'NONE', #816, #2929 ) ;
#834 = VERTEX_POINT ( 'NONE', #1733 ) ;
#835 = CARTESIAN_POINT ( 'NONE',  ( -18.34903107431196645, 14.84417617489997099, 14.24264068711942244 ) ) ;
#836 = EDGE_CURVE ( 'NONE', #989, #3136, #1448, .T. ) ;
#837 = VERTEX_POINT ( 'NONE', #3142 ) ;
#838 = LINE ( 'NONE', #1974, #2334 ) ;
#839 = DIRECTION ( 'NONE',  ( 1.000000000000000000, 3.155391752854983722E-16, 3.219181798347181542E-16 ) ) ;
#840 = LINE ( 'NONE', #1077, #3365 ) ;
#841 = CIRCLE ( 'NONE', #2479, 2.999999999999999112 ) ;
#842 = VERTEX_POINT ( 'NONE', #1788 ) ;
#843 = VECTOR ( 'NONE', #1425, 1000.000000000000000 ) ;
#844 = VECTOR ( 'NONE', #112, 1000.000000000000000 ) ;
#845 = EDGE_CURVE ( 'NONE', #2, #3462, #1214, .T. ) ;
#846 = DIRECTION ( 'NONE',  ( 8.095376221225113908E-16, 0.000000000000000000, -1.000000000000000000 ) ) ;
#847 = CIRCLE ( 'NONE', #3594, 2.999999999999999112 ) ;
#848 = DIRECTION ( 'NONE',  ( 1.000000000000000000, 0.000000000000000000, -4.336808689942017736E-16 ) ) ;
#849 = VERTEX_POINT ( 'NONE', #2573 ) ;
#850 = ORIENTED_EDGE ( 'NONE', *, *, #2988, .F. ) ;
#851 = ADVANCED_FACE ( 'NONE', ( #134 ), #72, .F. ) ;
#852 = LINE ( 'NONE', #1633, #3424 ) ;
#853 = CARTESIAN_POINT ( 'NONE',  ( 12.49999999999999645, 24.00000000000000000, -4.592425496802572789E-15 ) ) ;
#854 = CARTESIAN_POINT ( 'NONE',  ( 11.90258380183477271, 15.00535169487283760, 41.76483792539834639 ) ) ;
#855 = VECTOR ( 'NONE', #1892, 1000.000000000000000 ) ;
#856 = DIRECTION ( 'NONE',  ( -0.000000000000000000, -1.000000000000000000, 0.000000000000000000 ) ) ;
#857 = CARTESIAN_POINT ( 'NONE',  ( 6.000000000009624301, 23.00000000000000000, 1.000000000000003331 ) ) ;
#858 = VERTEX_POINT ( 'NONE', #1235 ) ;
#859 = ORIENTED_EDGE ( 'NONE', *, *, #2503, .T. ) ;
#860 = DIRECTION ( 'NONE',  ( 2.151659659284525201E-16, 0.8682431421244590775, 0.4961389383568339806 ) ) ;
#861 = CARTESIAN_POINT ( 'NONE',  ( -9.500000000000012434, 15.00535169487283760, 19.24264068711940467 ) ) ;
#862 = CARTESIAN_POINT ( 'NONE',  ( -9.500000000000000000, 0.000000000000000000, 0.000000000000000000 ) ) ;
#863 = ORIENTED_EDGE ( 'NONE', *, *, #2419, .T. ) ;
#864 = CARTESIAN_POINT ( 'NONE',  ( -15.40135445727829833, 15.62756787857889584, 14.24264068711942244 ) ) ;
#865 = FACE_OUTER_BOUND ( 'NONE', #111, .T. ) ;
#866 = AXIS2_PLACEMENT_3D ( 'NONE', #1280, #2126, #743 ) ;
#867 = DIRECTION ( 'NONE',  ( 0.000000000000000000, 1.000000000000000000, -0.000000000000000000 ) ) ;
#868 = ORIENTED_EDGE ( 'NONE', *, *, #2944, .T. ) ;
#869 = LINE ( 'NONE', #2504, #266 ) ;
#870 = DIRECTION ( 'NONE',  ( 0.000000000000000000, 0.000000000000000000, 1.000000000000000000 ) ) ;
#871 = DIRECTION ( 'NONE',  ( -1.000000000000000000, 1.334402673828312353E-16, 1.334402673828312353E-16 ) ) ;
#872 = CIRCLE ( 'NONE', #2692, 3.200000000000001066 ) ;
#873 = ORIENTED_EDGE ( 'NONE', *, *, #3290, .F. ) ;
#874 = CARTESIAN_POINT ( 'NONE',  ( 5.999999999999998224, -2.505706757528373352, 1.382236825674617364 ) ) ;
#875 = ORIENTED_EDGE ( 'NONE', *, *, #1140, .F. ) ;
#876 = DIRECTION ( 'NONE',  ( -1.000000000000000000, -3.057692281465348575E-33, 4.336808689942018229E-16 ) ) ;
#877 = VECTOR ( 'NONE', #1711, 1000.000000000000114 ) ;
#878 = EDGE_CURVE ( 'NONE', #1594, #2947, #1178, .T. ) ;
#879 = ADVANCED_FACE ( 'NONE', ( #2286 ), #1764, .T. ) ;
#880 = CARTESIAN_POINT ( 'NONE',  ( -9.500000000000014211, 13.86134817878892278, 20.24264068711940112 ) ) ;
#881 = LINE ( 'NONE', #1665, #1203 ) ;
#882 = EDGE_CURVE ( 'NONE', #2670, #1747, #700, .T. ) ;
#883 = DIRECTION ( 'NONE',  ( -8.673617379884046319E-16, 0.000000000000000000, -1.000000000000000000 ) ) ;
#884 = EDGE_LOOP ( 'NONE', ( #3342, #2036, #677, #2393 ) ) ;
#885 = ADVANCED_FACE ( 'NONE', ( #2339 ), #2299, .F. ) ;
#886 = DIRECTION ( 'NONE',  ( 0.000000000000000000, 1.000000000000000000, -0.000000000000000000 ) ) ;
#887 = CARTESIAN_POINT ( 'NONE',  ( 9.500000000000000000, 23.00000000000000000, 4.250000000000034639 ) ) ;
#888 = PLANE ( 'NONE',  #1427 ) ;
#889 = VERTEX_POINT ( 'NONE', #89 ) ;
#890 = DIRECTION ( 'NONE',  ( -0.6949420556350760503, 0.1846918477339469233, 0.6949420556350834888 ) ) ;
#891 = ORIENTED_EDGE ( 'NONE', *, *, #3176, .F. ) ;
#892 = CARTESIAN_POINT ( 'NONE',  ( 6.500000000004811262, 24.00000000000000000, 0.5000021939756520428 ) ) ;
#893 = CARTESIAN_POINT ( 'NONE',  ( 6.000000000000003553, 17.46087738103789633, 13.94346458318370985 ) ) ;
#894 = DIRECTION ( 'NONE',  ( 0.000000000000000000, -1.000000000000000000, 0.000000000000000000 ) ) ;
#895 = ADVANCED_FACE ( 'NONE', ( #1197 ), #2321, .F. ) ;
#896 = ORIENTED_EDGE ( 'NONE', *, *, #2378, .F. ) ;
#897 = VECTOR ( 'NONE', #2902, 1000.000000000000114 ) ;
#898 = FACE_BOUND ( 'NONE', #1083, .T. ) ;
#899 = ADVANCED_FACE ( 'NONE', ( #657 ), #3455, .F. ) ;
#900 = VECTOR ( 'NONE', #26, 1000.000000000000227 ) ;
#901 = ORIENTED_EDGE ( 'NONE', *, *, #1229, .T. ) ;
#902 = CARTESIAN_POINT ( 'NONE',  ( -9.500000000000028422, 15.00535169487283760, 41.76483792539832507 ) ) ;
#903 = LINE ( 'NONE', #2858, #1844 ) ;
#904 = VECTOR ( 'NONE', #1636, 1000.000000000000000 ) ;
#905 = CARTESIAN_POINT ( 'NONE',  ( 24.00000000000000711, 0.000000000000000000, 30.40779207703107900 ) ) ;
#906 = VECTOR ( 'NONE', #3346, 1000.000000000000227 ) ;
#907 = ORIENTED_EDGE ( 'NONE', *, *, #1936, .F. ) ;
#908 = EDGE_CURVE ( 'NONE', #938, #3222, #3292, .T. ) ;
#909 = CARTESIAN_POINT ( 'NONE',  ( 20.00000000000001066, 0.000000000000000000, 21.24264068711940467 ) ) ;
#910 = ORIENTED_EDGE ( 'NONE', *, *, #957, .T. ) ;
#911 = CARTESIAN_POINT ( 'NONE',  ( 21.84893564545602374, 13.91402115421070285, 9.091576332575471042 ) ) ;
#912 = ORIENTED_EDGE ( 'NONE', *, *, #3414, .F. ) ;
#913 = ORIENTED_EDGE ( 'NONE', *, *, #2693, .F. ) ;
#914 = VECTOR ( 'NONE', #520, 1000.000000000000000 ) ;
#915 = CARTESIAN_POINT ( 'NONE',  ( -4.499999999999976019, 14.94929419610839894, 18.33873515681031918 ) ) ;
#916 = CARTESIAN_POINT ( 'NONE',  ( -9.483148065484552802, -6.640932686266890705, 14.24264068711942244 ) ) ;
#917 = VERTEX_POINT ( 'NONE', #2398 ) ;
#918 = ORIENTED_EDGE ( 'NONE', *, *, #1710, .F. ) ;
#919 = DIRECTION ( 'NONE',  ( 2.151659659284525201E-16, 0.8682431421244591885, 0.4961389383568340361 ) ) ;
#920 = ADVANCED_FACE ( 'NONE', ( #2996 ), #461, .T. ) ;
#921 = LINE ( 'NONE', #2039, #3599 ) ;
#922 = LINE ( 'NONE', #1177, #1659 ) ;
#923 = CARTESIAN_POINT ( 'NONE',  ( -4.499999999999981348, -7.001845695885204890, 9.250479967799074998 ) ) ;
#924 = DIRECTION ( 'NONE',  ( -0.000000000000000000, -1.000000000000000000, -0.000000000000000000 ) ) ;
#925 = ORIENTED_EDGE ( 'NONE', *, *, #1760, .T. ) ;
#926 = DIRECTION ( 'NONE',  ( 0.7954317200324986237, -0.6060432152628563163, 6.439319031959281068E-16 ) ) ;
#927 = VERTEX_POINT ( 'NONE', #188 ) ;
#928 = VERTEX_POINT ( 'NONE', #2688 ) ;
#929 = LINE ( 'NONE', #2066, #3191 ) ;
#930 = FACE_OUTER_BOUND ( 'NONE', #2729, .T. ) ;
#931 = CARTESIAN_POINT ( 'NONE',  ( -24.50000000000000355, 13.20945885274676179, 16.74264068711939757 ) ) ;
#932 = EDGE_CURVE ( 'NONE', #181, #622, #985, .T. ) ;
#933 = ADVANCED_FACE ( 'NONE', ( #3529, #200 ), #1582, .F. ) ;
#934 = ORIENTED_EDGE ( 'NONE', *, *, #1571, .T. ) ;
#935 = ORIENTED_EDGE ( 'NONE', *, *, #1795, .T. ) ;
#936 = ORIENTED_EDGE ( 'NONE', *, *, #3268, .F. ) ;
#937 = CYLINDRICAL_SURFACE ( 'NONE', #2667, 2.550000000000000711 ) ;
#938 = VERTEX_POINT ( 'NONE', #3516 ) ;
#939 = DIRECTION ( 'NONE',  ( 0.000000000000000000, 0.000000000000000000, 1.000000000000000000 ) ) ;
#940 = DIRECTION ( 'NONE',  ( 0.000000000000000000, 0.000000000000000000, 1.000000000000000000 ) ) ;
#941 = EDGE_CURVE ( 'NONE', #2198, #3141, #2983, .T. ) ;
#942 = ORIENTED_EDGE ( 'NONE', *, *, #1382, .T. ) ;
#943 = CARTESIAN_POINT ( 'NONE',  ( -13.99999999999999467, 5.209458852746765345, 52.21947431726040634 ) ) ;
#944 = DIRECTION ( 'NONE',  ( -0.000000000000000000, -1.000000000000000000, -0.000000000000000000 ) ) ;
#945 = EDGE_LOOP ( 'NONE', ( #3037, #1964, #2778, #2065 ) ) ;
#946 = ORIENTED_EDGE ( 'NONE', *, *, #596, .T. ) ;
#947 = CARTESIAN_POINT ( 'NONE',  ( 15.50000000000002132, 0.000000000000000000, 49.24264068711939046 ) ) ;
#948 = ADVANCED_FACE ( 'NONE', ( #2154, #2169, #2135, #1288, #1003 ), #764, .T. ) ;
#949 = CYLINDRICAL_SURFACE ( 'NONE', #2336, 2.550000000000000711 ) ;
#950 = CARTESIAN_POINT ( 'NONE',  ( -9.500000000000012434, 14.00535169487283760, 20.24264068711940823 ) ) ;
#951 = ORIENTED_EDGE ( 'NONE', *, *, #2258, .T. ) ;
#952 = EDGE_LOOP ( 'NONE', ( #1708, #2292, #1689, #1952 ) ) ;
#953 = ORIENTED_EDGE ( 'NONE', *, *, #198, .T. ) ;
#954 = EDGE_CURVE ( 'NONE', #2047, #2934, #2910, .T. ) ;
#955 = CARTESIAN_POINT ( 'NONE',  ( 2.440638994829620735E-14, 0.000000000000000000, 49.24264068711939757 ) ) ;
#956 = ADVANCED_FACE ( 'NONE', ( #1896 ), #489, .F. ) ;
#957 = EDGE_CURVE ( 'NONE', #1435, #3331, #452, .T. ) ;
#958 = CARTESIAN_POINT ( 'NONE',  ( 4.750473518828799728E-15, 16.36937171665286073, 15.85359949585752481 ) ) ;
#959 = LINE ( 'NONE', #2606, #3591 ) ;
#960 = CYLINDRICAL_SURFACE ( 'NONE', #1786, 10.00000000000000178 ) ;
#961 = VECTOR ( 'NONE', #2446, 1000.000000000000000 ) ;
#962 = AXIS2_PLACEMENT_3D ( 'NONE', #1054, #2176, #1918 ) ;
#963 = EDGE_CURVE ( 'NONE', #2586, #826, #2719, .T. ) ;
#964 = CARTESIAN_POINT ( 'NONE',  ( -14.89647917781742414, 15.76174647301379572, 7.242640687119425991 ) ) ;
#965 = ORIENTED_EDGE ( 'NONE', *, *, #1030, .F. ) ;
#966 = AXIS2_PLACEMENT_3D ( 'NONE', #1013, #1893, #3056 ) ;
#967 = DIRECTION ( 'NONE',  ( 0.000000000000000000, -1.000000000000000000, 0.000000000000000000 ) ) ;
#968 = VERTEX_POINT ( 'NONE', #422 ) ;
#969 = ORIENTED_EDGE ( 'NONE', *, *, #3471, .T. ) ;
#970 = CARTESIAN_POINT ( 'NONE',  ( 14.00000000000001776, 21.20945885274676357, 24.21947431726041344 ) ) ;
#971 = VECTOR ( 'NONE', #1321, 999.9999999999998863 ) ;
#972 = LINE ( 'NONE', #646, #2403 ) ;
#973 = CARTESIAN_POINT ( 'NONE',  ( 15.66529484816180862, 14.00535169487283760, 8.242640687119425991 ) ) ;
#974 = AXIS2_PLACEMENT_3D ( 'NONE', #2856, #1443, #3396 ) ;
#975 = VERTEX_POINT ( 'NONE', #2447 ) ;
#976 = DIRECTION ( 'NONE',  ( -0.000000000000000000, -1.000000000000000000, -0.000000000000000000 ) ) ;
#977 = EDGE_LOOP ( 'NONE', ( #345, #935 ) ) ;
#978 = AXIS2_PLACEMENT_3D ( 'NONE', #1114, #839, #1976 ) ;
#979 = CARTESIAN_POINT ( 'NONE',  ( -5.999999999999996447, 17.95701631939472875, 13.07522144105925221 ) ) ;
#980 = LINE ( 'NONE', #2748, #457 ) ;
#981 = CARTESIAN_POINT ( 'NONE',  ( 12.49999999999999645, 24.00000000000000000, -4.592425496802572789E-15 ) ) ;
#982 = DIRECTION ( 'NONE',  ( 0.000000000000000000, 0.000000000000000000, 1.000000000000000000 ) ) ;
#983 = ORIENTED_EDGE ( 'NONE', *, *, #2820, .T. ) ;
#984 = ORIENTED_EDGE ( 'NONE', *, *, #1068, .F. ) ;
#985 = LINE ( 'NONE', #752, #3202 ) ;
#986 = ORIENTED_EDGE ( 'NONE', *, *, #1710, .T. ) ;
#987 = DIRECTION ( 'NONE',  ( 0.000000000000000000, -0.8682431421244590775, -0.4961389383568339806 ) ) ;
#988 = ORIENTED_EDGE ( 'NONE', *, *, #1149, .T. ) ;
#989 = VERTEX_POINT ( 'NONE', #3221 ) ;
#990 = CARTESIAN_POINT ( 'NONE',  ( 12.51950104830841504, 24.00000000000000000, 6.711511812970133661 ) ) ;
#991 = VECTOR ( 'NONE', #3613, 1000.000000000000000 ) ;
#992 = DIRECTION ( 'NONE',  ( 0.000000000000000000, 0.000000000000000000, 1.000000000000000000 ) ) ;
#993 = ADVANCED_FACE ( 'NONE', ( #3563 ), #3238, .F. ) ;
#994 = LINE ( 'NONE', #3148, #2305 ) ;
#995 = ORIENTED_EDGE ( 'NONE', *, *, #1763, .F. ) ;
#996 = VECTOR ( 'NONE', #291, 1000.000000000000000 ) ;
#997 = ORIENTED_EDGE ( 'NONE', *, *, #276, .T. ) ;
#998 = ORIENTED_EDGE ( 'NONE', *, *, #3057, .F. ) ;
#999 = CARTESIAN_POINT ( 'NONE',  ( -15.01607984891160896, 14.17789085380823089, 14.24264068711942244 ) ) ;
#1000 = EDGE_CURVE ( 'NONE', #3015, #2363, #1428, .T. ) ;
#1001 = CARTESIAN_POINT ( 'NONE',  ( -4.895329467358458864, 18.41971026224004504, 7.242640687119433984 ) ) ;
#1002 = VERTEX_POINT ( 'NONE', #2949 ) ;
#1003 = FACE_BOUND ( 'NONE', #2030, .T. ) ;
#1004 = CARTESIAN_POINT ( 'NONE',  ( 4.500000000000001776, 17.73648628424891882, 22.23491856383308019 ) ) ;
#1005 = ORIENTED_EDGE ( 'NONE', *, *, #697, .F. ) ;
#1006 = CARTESIAN_POINT ( 'NONE',  ( 5.256760911940725310E-15, 18.41235539725813908, 17.02101874191768616 ) ) ;
#1007 = LINE ( 'NONE', #2955, #124 ) ;
#1008 = ADVANCED_FACE ( 'NONE', ( #172 ), #1270, .T. ) ;
#1009 = CYLINDRICAL_SURFACE ( 'NONE', #1661, 7.242640687119608955 ) ;
#1010 = ORIENTED_EDGE ( 'NONE', *, *, #2751, .T. ) ;
#1011 = ORIENTED_EDGE ( 'NONE', *, *, #166, .T. ) ;
#1012 = EDGE_CURVE ( 'NONE', #3554, #1463, #1965, .T. ) ;
#1013 = CARTESIAN_POINT ( 'NONE',  ( -6.999999999999997335, 23.00000000000000000, 0.5000000000000000000 ) ) ;
#1014 = CARTESIAN_POINT ( 'NONE',  ( 24.50000000000001421, 3.999999999999997335, 37.80419349992823186 ) ) ;
#1015 = CARTESIAN_POINT ( 'NONE',  ( 5.142037302725958270, -6.748923959827841657, 20.24264068711942244 ) ) ;
#1016 = VERTEX_POINT ( 'NONE', #2522 ) ;
#1017 = CARTESIAN_POINT ( 'NONE',  ( 12.49999999999999645, 0.000000000000000000, 2.549999999999995826 ) ) ;
#1018 = AXIS2_PLACEMENT_3D ( 'NONE', #146, #776, #2380 ) ;
#1019 = DIRECTION ( 'NONE',  ( 0.000000000000000000, -1.000000000000000000, 0.000000000000000000 ) ) ;
#1020 = EDGE_CURVE ( 'NONE', #2529, #2449, #33, .T. ) ;
#1021 = VECTOR ( 'NONE', #3192, 1000.000000000000227 ) ;
#1022 = VECTOR ( 'NONE', #3349, 999.9999999999998863 ) ;
#1023 = DIRECTION ( 'NONE',  ( 8.095376221225113908E-16, -0.000000000000000000, 1.000000000000000000 ) ) ;
#1024 = VECTOR ( 'NONE', #2209, 1000.000000000000000 ) ;
#1025 = ORIENTED_EDGE ( 'NONE', *, *, #2245, .T. ) ;
#1026 = VECTOR ( 'NONE', #3045, 1000.000000000000000 ) ;
#1027 = ORIENTED_EDGE ( 'NONE', *, *, #785, .T. ) ;
#1028 = DIRECTION ( 'NONE',  ( 8.095376221225114894E-16, 0.000000000000000000, 1.000000000000000000 ) ) ;
#1029 = CIRCLE ( 'NONE', #1961, 0.4999999999999991673 ) ;
#1030 = EDGE_CURVE ( 'NONE', #1662, #2017, #1141, .T. ) ;
#1031 = DIRECTION ( 'NONE',  ( -0.6225126250651897841, -0.4742953333830018936, 0.6225126250651897841 ) ) ;
#1032 = CARTESIAN_POINT ( 'NONE',  ( -5.999999999999996447, 17.95701631939472875, 13.07522144105925221 ) ) ;
#1033 = VERTEX_POINT ( 'NONE', #1340 ) ;
#1034 = LINE ( 'NONE', #1304, #1855 ) ;
#1035 = DIRECTION ( 'NONE',  ( 8.095376221225113908E-16, -0.000000000000000000, 1.000000000000000000 ) ) ;
#1036 = EDGE_CURVE ( 'NONE', #2070, #179, #2465, .T. ) ;
#1037 = CARTESIAN_POINT ( 'NONE',  ( -12.43082468251822270, -7.424324389945814673, 14.24264068711942244 ) ) ;
#1038 = CARTESIAN_POINT ( 'NONE',  ( 12.49999999999999645, 24.00000000000000000, 2.549999999999995826 ) ) ;
#1039 = ORIENTED_EDGE ( 'NONE', *, *, #2007, .F. ) ;
#1040 = ORIENTED_EDGE ( 'NONE', *, *, #1603, .F. ) ;
#1041 = CARTESIAN_POINT ( 'NONE',  ( -13.99999999999999289, -3.469446951953614189E-15, 26.31009672718661818 ) ) ;
#1042 = DIRECTION ( 'NONE',  ( 8.095376221225112922E-16, -0.000000000000000000, -1.000000000000000000 ) ) ;
#1043 = VERTEX_POINT ( 'NONE', #1120 ) ;
#1044 = VECTOR ( 'NONE', #1812, 1000.000000000000000 ) ;
#1045 = CYLINDRICAL_SURFACE ( 'NONE', #376, 2.999999999999999112 ) ;
#1046 = PRODUCT_DEFINITION_CONTEXT ( 'detailed design', #2042, 'design' ) ;
#1047 = ORIENTED_EDGE ( 'NONE', *, *, #347, .T. ) ;
#1048 = EDGE_CURVE ( 'NONE', #2459, #1785, #3578, .T. ) ;
#1049 = DIRECTION ( 'NONE',  ( 8.095376221225113908E-16, -0.000000000000000000, 1.000000000000000000 ) ) ;
#1050 = ORIENTED_EDGE ( 'NONE', *, *, #2815, .F. ) ;
#1051 = CARTESIAN_POINT ( 'NONE',  ( -5.999999999999998224, 24.00000000000000000, 0.5000000000000034417 ) ) ;
#1052 = DIRECTION ( 'NONE',  ( 1.000000000000000000, 0.000000000000000000, -8.095376221225113908E-16 ) ) ;
#1053 = LINE ( 'NONE', #1857, #3215 ) ;
#1054 = CARTESIAN_POINT ( 'NONE',  ( 6.000000000000003553, 17.95701631939472520, 13.07522144105925221 ) ) ;
#1055 = EDGE_CURVE ( 'NONE', #1820, #842, #2787, .T. ) ;
#1056 = ORIENTED_EDGE ( 'NONE', *, *, #3601, .F. ) ;
#1057 = ORIENTED_EDGE ( 'NONE', *, *, #2219, .F. ) ;
#1058 = DIRECTION ( 'NONE',  ( 0.000000000000000000, 1.000000000000000000, 0.000000000000000000 ) ) ;
#1059 = LINE ( 'NONE', #2798, #328 ) ;
#1060 = EDGE_CURVE ( 'NONE', #917, #1839, #852, .T. ) ;
#1061 = LINE ( 'NONE', #2182, #1847 ) ;
#1062 = DIRECTION ( 'NONE',  ( -0.000000000000000000, -1.000000000000000000, -0.000000000000000000 ) ) ;
#1063 = ORIENTED_EDGE ( 'NONE', *, *, #1690, .T. ) ;
#1064 = LINE ( 'NONE', #1945, #162 ) ;
#1065 = PLANE ( 'NONE',  #3479 ) ;
#1066 = ORIENTED_EDGE ( 'NONE', *, *, #3403, .T. ) ;
#1067 = CARTESIAN_POINT ( 'NONE',  ( 11.90258380183474785, 15.00535169487283760, 9.242640687119413556 ) ) ;
#1068 = EDGE_CURVE ( 'NONE', #2991, #79, #1725, .T. ) ;
#1069 = CARTESIAN_POINT ( 'NONE',  ( -19.50000000000001776, 0.000000000000000000, 20.24264068711940112 ) ) ;
#1070 = VECTOR ( 'NONE', #3517, 1000.000000000000000 ) ;
#1071 = DIRECTION ( 'NONE',  ( 0.9664513498471035691, -0.2568497389111221163, 0.000000000000000000 ) ) ;
#1072 = ORIENTED_EDGE ( 'NONE', *, *, #1628, .F. ) ;
#1073 = VECTOR ( 'NONE', #434, 1000.000000000000000 ) ;
#1074 = ORIENTED_EDGE ( 'NONE', *, *, #2790, .T. ) ;
#1075 = CARTESIAN_POINT ( 'NONE',  ( -12.49999999999999645, 0.000000000000000000, 0.000000000000000000 ) ) ;
#1076 = VECTOR ( 'NONE', #2148, 1000.000000000000000 ) ;
#1077 = CARTESIAN_POINT ( 'NONE',  ( 6.500000000004811262, 24.00000000000000000, 0.5000021939756520428 ) ) ;
#1078 = CIRCLE ( 'NONE', #2835, 2.000000000000000000 ) ;
#1079 = VECTOR ( 'NONE', #440, 1000.000000000000000 ) ;
#1080 = VECTOR ( 'NONE', #1569, 1000.000000000000000 ) ;
#1081 = DIRECTION ( 'NONE',  ( -0.000000000000000000, -0.000000000000000000, 1.000000000000000000 ) ) ;
#1082 = AXIS2_PLACEMENT_3D ( 'NONE', #1331, #3285, #2460 ) ;
#1083 = EDGE_LOOP ( 'NONE', ( #2124, #2708 ) ) ;
#1084 = EDGE_CURVE ( 'NONE', #2350, #3295, #1064, .T. ) ;
#1085 = CARTESIAN_POINT ( 'NONE',  ( 4.500000000000001776, 17.73648628424891882, 22.23491856383308019 ) ) ;
#1086 = DIRECTION ( 'NONE',  ( 0.000000000000000000, 0.000000000000000000, 1.000000000000000000 ) ) ;
#1087 = LINE ( 'NONE', #2542, #2137 ) ;
#1088 = EDGE_CURVE ( 'NONE', #1740, #1043, #869, .T. ) ;
#1089 = DIRECTION ( 'NONE',  ( -0.000000000000000000, -1.000000000000000000, -0.000000000000000000 ) ) ;
#1090 = ORIENTED_EDGE ( 'NONE', *, *, #2183, .F. ) ;
#1091 = VECTOR ( 'NONE', #2951, 1000.000000000000000 ) ;
#1092 = CARTESIAN_POINT ( 'NONE',  ( 14.00000000000000888, 1.999999999999997335, 35.24264068711941178 ) ) ;
#1093 = DIRECTION ( 'NONE',  ( 1.507532509004170062E-46, 1.000000000000000000, -1.862214266276592576E-31 ) ) ;
#1094 = CARTESIAN_POINT ( 'NONE',  ( 9.500000000000000000, 3.999999999999997335, 33.68108787431057749 ) ) ;
#1095 = LINE ( 'NONE', #3040, #621 ) ;
#1096 = CARTESIAN_POINT ( 'NONE',  ( -4.499999999999976019, 16.00000000000001421, 21.24264068711940467 ) ) ;
#1097 = CIRCLE ( 'NONE', #1810, 7.242640687119608067 ) ;
#1098 = ADVANCED_FACE ( 'NONE', ( #250 ), #3082, .F. ) ;
#1099 = DIRECTION ( 'NONE',  ( 0.000000000000000000, 0.000000000000000000, -1.000000000000000000 ) ) ;
#1100 = ORIENTED_EDGE ( 'NONE', *, *, #370, .T. ) ;
#1101 = AXIS2_PLACEMENT_3D ( 'NONE', #2210, #856, #2824 ) ;
#1102 = ORIENTED_EDGE ( 'NONE', *, *, #908, .T. ) ;
#1103 = LINE ( 'NONE', #1913, #1484 ) ;
#1104 = VERTEX_POINT ( 'NONE', #2206 ) ;
#1105 = CARTESIAN_POINT ( 'NONE',  ( 6.999999999999997335, 24.00000000000000000, 0.5000000000000003331 ) ) ;
#1106 = EDGE_CURVE ( 'NONE', #624, #2363, #797, .T. ) ;
#1107 = DIRECTION ( 'NONE',  ( -1.000000000000000000, -0.000000000000000000, 4.336808689942017736E-16 ) ) ;
#1108 = PRODUCT ( '\X2\4e09901a59297ebf5ea7\X0\', '\X2\4e09901a59297ebf5ea7\X0\', '', ( #3412 ) ) ;
#1109 = DIRECTION ( 'NONE',  ( -7.028754886996123166E-16, 0.4961389383568339251, -0.8682431421244590775 ) ) ;
#1110 = CARTESIAN_POINT ( 'NONE',  ( -12.49999999999999289, 23.73648628424891882, 7.703789689683810948 ) ) ;
#1111 = VERTEX_POINT ( 'NONE', #1410 ) ;
#1112 = ADVANCED_FACE ( 'NONE', ( #3014 ), #1691, .F. ) ;
#1113 = DIRECTION ( 'NONE',  ( 8.095376221225112922E-16, -0.000000000000000000, -1.000000000000000000 ) ) ;
#1114 = CARTESIAN_POINT ( 'NONE',  ( 4.499999999999997335, 0.4534810281881691552, 52.48017776193936612 ) ) ;
#1115 = DIRECTION ( 'NONE',  ( -1.000000000000000000, -0.000000000000000000, 4.336808689942017736E-16 ) ) ;
#1116 = EDGE_CURVE ( 'NONE', #3344, #277, #1103, .T. ) ;
#1117 = DIRECTION ( 'NONE',  ( 0.000000000000000000, 1.000000000000000000, 0.000000000000000000 ) ) ;
#1118 = DIRECTION ( 'NONE',  ( 0.000000000000000000, 0.000000000000000000, 1.000000000000000000 ) ) ;
#1119 = ORIENTED_EDGE ( 'NONE', *, *, #3395, .F. ) ;
#1120 = CARTESIAN_POINT ( 'NONE',  ( -13.99999999999999645, 16.00000000000001421, 21.24264068711941889 ) ) ;
#1121 = CARTESIAN_POINT ( 'NONE',  ( 2.582586345743714662E-31, 24.00000000000000000, 1.506315562951243032E-15 ) ) ;
#1122 = DIRECTION ( 'NONE',  ( 0.000000000000000000, 1.000000000000000000, -0.000000000000000000 ) ) ;
#1123 = CYLINDRICAL_SURFACE ( 'NONE', #1817, 1.000000000000000444 ) ;
#1124 = CARTESIAN_POINT ( 'NONE',  ( 24.49999999999998579, 16.00000000000001421, 7.242640687119417997 ) ) ;
#1125 = VERTEX_POINT ( 'NONE', #287 ) ;
#1126 = DIRECTION ( 'NONE',  ( 8.095376221225112922E-16, -0.000000000000000000, -1.000000000000000000 ) ) ;
#1127 = LINE ( 'NONE', #861, #3024 ) ;
#1128 = DIRECTION ( 'NONE',  ( 0.000000000000000000, 1.000000000000000000, 0.000000000000000000 ) ) ;
#1129 = AXIS2_PLACEMENT_3D ( 'NONE', #1781, #3156, #2570 ) ;
#1130 = VERTEX_POINT ( 'NONE', #2754 ) ;
#1131 = AXIS2_PLACEMENT_3D ( 'NONE', #3553, #494, #1586 ) ;
#1132 = ORIENTED_EDGE ( 'NONE', *, *, #3616, .T. ) ;
#1133 = VECTOR ( 'NONE', #3377, 1000.000000000000000 ) ;
#1134 = PRODUCT_DEFINITION_SHAPE ( 'NONE', 'NONE',  #2413 ) ;
#1135 = CARTESIAN_POINT ( 'NONE',  ( -13.99999999999998934, 3.999999999999997335, 37.80419349992824607 ) ) ;
#1136 = AXIS2_PLACEMENT_3D ( 'NONE', #1509, #1254, #967 ) ;
#1137 = AXIS2_PLACEMENT_3D ( 'NONE', #947, #444, #155 ) ;
#1138 = FACE_OUTER_BOUND ( 'NONE', #2875, .T. ) ;
#1139 = ADVANCED_FACE ( 'NONE', ( #1392 ), #510, .T. ) ;
#1140 = EDGE_CURVE ( 'NONE', #285, #2511, #2482, .T. ) ;
#1141 = LINE ( 'NONE', #584, #1258 ) ;
#1142 = ORIENTED_EDGE ( 'NONE', *, *, #3383, .T. ) ;
#1143 = DIRECTION ( 'NONE',  ( -1.000000000000000000, 0.000000000000000000, 8.095376221225113908E-16 ) ) ;
#1144 = AXIS2_PLACEMENT_3D ( 'NONE', #902, #372, #602 ) ;
#1145 = DIRECTION ( 'NONE',  ( 0.000000000000000000, -1.000000000000000000, 0.000000000000000000 ) ) ;
#1146 = VECTOR ( 'NONE', #540, 1000.000000000000000 ) ;
#1147 = DIRECTION ( 'NONE',  ( 1.000000000000000000, -4.744542840278463794E-17, 8.302949970487302858E-17 ) ) ;
#1148 = LINE ( 'NONE', #2528, #2018 ) ;
#1149 = EDGE_CURVE ( 'NONE', #2644, #3171, #269, .T. ) ;
#1150 = AXIS2_PLACEMENT_3D ( 'NONE', #1867, #3276, #1882 ) ;
#1151 = CARTESIAN_POINT ( 'NONE',  ( 5.999999999999998224, -3.001845695885207554, 2.250479967799077219 ) ) ;
#1152 = PLANE ( 'NONE',  #978 ) ;
#1153 = ORIENTED_EDGE ( 'NONE', *, *, #1364, .F. ) ;
#1154 = CARTESIAN_POINT ( 'NONE',  ( 4.500000000000000888, 16.00000000000001066, 21.24264068711940467 ) ) ;
#1155 = LINE ( 'NONE', #369, #737 ) ;
#1156 = AXIS2_PLACEMENT_3D ( 'NONE', #2519, #13, #565 ) ;
#1157 = ORIENTED_EDGE ( 'NONE', *, *, #3252, .F. ) ;
#1158 = DIRECTION ( 'NONE',  ( 0.9664513498471032360, -0.2568497389111235041, 0.000000000000000000 ) ) ;
#1159 = LINE ( 'NONE', #357, #3245 ) ;
#1160 = FACE_OUTER_BOUND ( 'NONE', #3113, .T. ) ;
#1161 = VECTOR ( 'NONE', #2595, 1000.000000000000000 ) ;
#1162 = EDGE_CURVE ( 'NONE', #2906, #2080, #2874, .T. ) ;
#1163 = ORIENTED_EDGE ( 'NONE', *, *, #2060, .T. ) ;
#1164 = CARTESIAN_POINT ( 'NONE',  ( 23.49999999999998934, 11.92315482793935999, 12.24264068711944020 ) ) ;
#1165 = ORIENTED_EDGE ( 'NONE', *, *, #2744, .F. ) ;
#1166 = CARTESIAN_POINT ( 'NONE',  ( 19.71348465994708477, 4.353131169483496876, 20.02915602717236254 ) ) ;
#1167 = VECTOR ( 'NONE', #890, 1000.000000000000114 ) ;
#1168 = ORIENTED_EDGE ( 'NONE', *, *, #1755, .T. ) ;
#1169 = DIRECTION ( 'NONE',  ( 1.000000000000000000, -2.668805347656624706E-16, 0.000000000000000000 ) ) ;
#1170 = EDGE_CURVE ( 'NONE', #2046, #2112, #340, .T. ) ;
#1171 = CARTESIAN_POINT ( 'NONE',  ( 9.500000000000000000, -3.673940397442065291E-16, 0.000000000000000000 ) ) ;
#1172 = VERTEX_POINT ( 'NONE', #83 ) ;
#1173 = CARTESIAN_POINT ( 'NONE',  ( -4.895329467358450870, 18.41971026224004859, -3.001000000000003887 ) ) ;
#1174 = ADVANCED_FACE ( 'NONE', ( #2022 ), #1705, .F. ) ;
#1175 = ORIENTED_EDGE ( 'NONE', *, *, #2152, .T. ) ;
#1176 = CARTESIAN_POINT ( 'NONE',  ( 9.500000000000012434, 13.86134817878891390, 20.24264068711942244 ) ) ;
#1177 = CARTESIAN_POINT ( 'NONE',  ( 15.50000000000002487, 16.00000000000000000, 21.24264068711940112 ) ) ;
#1178 = LINE ( 'NONE', #1164, #238 ) ;
#1179 = ORIENTED_EDGE ( 'NONE', *, *, #3358, .T. ) ;
#1180 = CARTESIAN_POINT ( 'NONE',  ( 6.999999999999997335, 24.00000000000000000, 3.061616997868384127E-16 ) ) ;
#1181 = ORIENTED_EDGE ( 'NONE', *, *, #185, .T. ) ;
#1182 = ADVANCED_FACE ( 'NONE', ( #398 ), #3118, .F. ) ;
#1183 = DIRECTION ( 'NONE',  ( 0.6225126250651907833, 0.4742953333830026708, 0.6225126250651881188 ) ) ;
#1184 = DIRECTION ( 'NONE',  ( -4.375417054640872599E-16, -1.000000000000000000, 0.000000000000000000 ) ) ;
#1185 = VERTEX_POINT ( 'NONE', #2316 ) ;
#1186 = ORIENTED_EDGE ( 'NONE', *, *, #523, .F. ) ;
#1187 = AXIS2_PLACEMENT_3D ( 'NONE', #2806, #603, #2208 ) ;
#1188 = DIRECTION ( 'NONE',  ( 1.000000000000000000, -2.478176394252580648E-16, 0.000000000000000000 ) ) ;
#1189 = VECTOR ( 'NONE', #1290, 1000.000000000000114 ) ;
#1190 = VECTOR ( 'NONE', #1960, 1000.000000000000000 ) ;
#1191 = DIRECTION ( 'NONE',  ( -1.507532509004170062E-46, 1.000000000000000000, -1.862214266276592357E-31 ) ) ;
#1192 = LINE ( 'NONE', #399, #556 ) ;
#1193 = CARTESIAN_POINT ( 'NONE',  ( -5.142037302725970704, -6.748923959827832775, -3.001000000000003887 ) ) ;
#1194 = EDGE_CURVE ( 'NONE', #2644, #3044, #1459, .T. ) ;
#1195 = VECTOR ( 'NONE', #696, 1000.000000000000227 ) ;
#1196 = AXIS2_PLACEMENT_3D ( 'NONE', #1743, #68, #2353 ) ;
#1197 = FACE_OUTER_BOUND ( 'NONE', #3577, .T. ) ;
#1198 = ORIENTED_EDGE ( 'NONE', *, *, #3008, .T. ) ;
#1199 = DIRECTION ( 'NONE',  ( 0.000000000000000000, 0.4961389383568340361, -0.8682431421244590775 ) ) ;
#1200 = ORIENTED_EDGE ( 'NONE', *, *, #772, .T. ) ;
#1201 = ORIENTED_EDGE ( 'NONE', *, *, #706, .F. ) ;
#1202 = CARTESIAN_POINT ( 'NONE',  ( -12.49999999999998757, 22.00000000000000000, 6.711511812970144319 ) ) ;
#1203 = VECTOR ( 'NONE', #554, 1000.000000000000000 ) ;
#1204 = CARTESIAN_POINT ( 'NONE',  ( 9.499999999999998224, 24.00000000000000000, -1.224646799147350495E-16 ) ) ;
#1205 = DIRECTION ( 'NONE',  ( 4.336808689942017736E-16, 0.000000000000000000, 1.000000000000000000 ) ) ;
#1206 = ORIENTED_EDGE ( 'NONE', *, *, #2944, .F. ) ;
#1207 = ORIENTED_EDGE ( 'NONE', *, *, #2173, .F. ) ;
#1208 = CARTESIAN_POINT ( 'NONE',  ( 15.66529484816183881, 14.00535169487283049, 20.24264068711942954 ) ) ;
#1209 = CARTESIAN_POINT ( 'NONE',  ( 19.74264068711959652, 0.000000000000000000, 7.242640687119425991 ) ) ;
#1210 = ADVANCED_FACE ( 'NONE', ( #1503 ), #2004, .T. ) ;
#1211 = DIRECTION ( 'NONE',  ( -0.000000000000000000, -0.4961389383568342581, 0.8682431421244589664 ) ) ;
#1212 = CARTESIAN_POINT ( 'NONE',  ( 0.000000000000000000, 0.000000000000000000, 0.000000000000000000 ) ) ;
#1213 = ORIENTED_EDGE ( 'NONE', *, *, #1048, .T. ) ;
#1214 = LINE ( 'NONE', #344, #1986 ) ;
#1215 = VERTEX_POINT ( 'NONE', #616 ) ;
#1216 = DIRECTION ( 'NONE',  ( 0.000000000000000000, 0.8682431421244590775, 0.4961389383568343137 ) ) ;
#1217 = EDGE_CURVE ( 'NONE', #1458, #3295, #2201, .T. ) ;
#1218 = EDGE_LOOP ( 'NONE', ( #421, #986, #1905, #243 ) ) ;
#1219 = ORIENTED_EDGE ( 'NONE', *, *, #308, .T. ) ;
#1220 = LINE ( 'NONE', #139, #741 ) ;
#1221 = AXIS2_PLACEMENT_3D ( 'NONE', #1437, #2273, #3389 ) ;
#1222 = LINE ( 'NONE', #517, #294 ) ;
#1223 = CARTESIAN_POINT ( 'NONE',  ( -14.00000000000000533, 24.00000000000000000, 6.071532165918827197E-15 ) ) ;
#1224 = ORIENTED_EDGE ( 'NONE', *, *, #1702, .T. ) ;
#1225 = EDGE_CURVE ( 'NONE', #453, #109, #105, .T. ) ;
#1226 = ORIENTED_EDGE ( 'NONE', *, *, #170, .F. ) ;
#1227 = ORIENTED_EDGE ( 'NONE', *, *, #2912, .F. ) ;
#1228 = PLANE ( 'NONE',  #3484 ) ;
#1229 = EDGE_CURVE ( 'NONE', #834, #927, #921, .T. ) ;
#1230 = VERTEX_POINT ( 'NONE', #1176 ) ;
#1231 = CARTESIAN_POINT ( 'NONE',  ( 24.50000000000000355, 13.20945885274676179, -3.001000000000003887 ) ) ;
#1232 = CARTESIAN_POINT ( 'NONE',  ( 13.99999999999999112, 0.000000000000000000, -6.938893903907224433E-15 ) ) ;
#1233 = ORIENTED_EDGE ( 'NONE', *, *, #1088, .T. ) ;
#1234 = ORIENTED_EDGE ( 'NONE', *, *, #2411, .F. ) ;
#1235 = CARTESIAN_POINT ( 'NONE',  ( 9.500000000000000000, 3.830178826910362044, 37.79718705290687097 ) ) ;
#1236 = CARTESIAN_POINT ( 'NONE',  ( -12.49999999999998934, 23.73648628424891882, 7.703789689683812725 ) ) ;
#1237 = EDGE_LOOP ( 'NONE', ( #753, #138, #2280, #2696 ) ) ;
#1238 = LINE ( 'NONE', #1978, #450 ) ;
#1239 = DIRECTION ( 'NONE',  ( 0.000000000000000000, 1.000000000000000000, 0.000000000000000000 ) ) ;
#1240 = DIRECTION ( 'NONE',  ( -1.000000000000000000, 0.000000000000000000, 4.336808689942017736E-16 ) ) ;
#1241 = VERTEX_POINT ( 'NONE', #355 ) ;
#1242 = VERTEX_POINT ( 'NONE', #2819 ) ;
#1243 = VERTEX_POINT ( 'NONE', #3467 ) ;
#1244 = CARTESIAN_POINT ( 'NONE',  ( -13.99999999999998401, 0.000000000000000000, 49.24264068711940467 ) ) ;
#1245 = CARTESIAN_POINT ( 'NONE',  ( -12.99999999999999822, 5.705597791103595995, 51.35123117513595759 ) ) ;
#1246 = LINE ( 'NONE', #2982, #2593 ) ;
#1247 = VERTEX_POINT ( 'NONE', #2296 ) ;
#1248 = VECTOR ( 'NONE', #2024, 1000.000000000000000 ) ;
#1249 = CIRCLE ( 'NONE', #3363, 2.550000000000000711 ) ;
#1250 = ADVANCED_FACE ( 'NONE', ( #2840 ), #3409, .F. ) ;
#1251 = CARTESIAN_POINT ( 'NONE',  ( -12.49999999999999645, 0.000000000000000000, 0.000000000000000000 ) ) ;
#1252 = VERTEX_POINT ( 'NONE', #2057 ) ;
#1253 = VECTOR ( 'NONE', #1924, 1000.000000000000114 ) ;
#1254 = DIRECTION ( 'NONE',  ( 0.7071067811865454633, 0.000000000000000000, 0.7071067811865496822 ) ) ;
#1255 = CIRCLE ( 'NONE', #3066, 3.050000000000004707 ) ;
#1256 = EDGE_LOOP ( 'NONE', ( #3270, #1773, #1142, #675, #2421, #770, #1339, #2407, #2232, #951 ) ) ;
#1257 = DIRECTION ( 'NONE',  ( 0.000000000000000000, 0.000000000000000000, 1.000000000000000000 ) ) ;
#1258 = VECTOR ( 'NONE', #1654, 1000.000000000000000 ) ;
#1259 = DIRECTION ( 'NONE',  ( -0.000000000000000000, -0.000000000000000000, 1.000000000000000000 ) ) ;
#1260 = CARTESIAN_POINT ( 'NONE',  ( -6.000000000000001776, -2.505706757528369799, 1.382236825674619141 ) ) ;
#1261 = EDGE_CURVE ( 'NONE', #1740, #2063, #323, .T. ) ;
#1262 = ORIENTED_EDGE ( 'NONE', *, *, #1680, .T. ) ;
#1263 = CARTESIAN_POINT ( 'NONE',  ( 9.500000000000000000, 0.000000000000000000, -3.000000000000003997 ) ) ;
#1264 = EDGE_LOOP ( 'NONE', ( #464, #151, #2977, #570 ) ) ;
#1265 = LINE ( 'NONE', #2394, #1073 ) ;
#1266 = CARTESIAN_POINT ( 'NONE',  ( -19.50000000000001776, 4.190476190476204899, 8.242640687119420662 ) ) ;
#1267 = EDGE_LOOP ( 'NONE', ( #2803, #2636, #1779, #2081, #412, #3225, #2136, #2928, #329, #3595, #1800, #3031, #3188 ) ) ;
#1268 = EDGE_CURVE ( 'NONE', #1454, #624, #3602, .T. ) ;
#1269 = ORIENTED_EDGE ( 'NONE', *, *, #2258, .F. ) ;
#1270 = CYLINDRICAL_SURFACE ( 'NONE', #1956, 0.5000000000000002220 ) ;
#1271 = ORIENTED_EDGE ( 'NONE', *, *, #1116, .T. ) ;
#1272 = LINE ( 'NONE', #2120, #2428 ) ;
#1273 = ORIENTED_EDGE ( 'NONE', *, *, #2060, .F. ) ;
#1274 = LINE ( 'NONE', #1323, #2488 ) ;
#1275 = CARTESIAN_POINT ( 'NONE',  ( -23.50000000000001421, 11.92315482793935999, 41.76483792539831796 ) ) ;
#1276 = EDGE_CURVE ( 'NONE', #3587, #3367, #634, .T. ) ;
#1277 = LINE ( 'NONE', #1557, #2278 ) ;
#1278 = ORIENTED_EDGE ( 'NONE', *, *, #359, .F. ) ;
#1279 = VECTOR ( 'NONE', #1183, 1000.000000000000000 ) ;
#1280 = CARTESIAN_POINT ( 'NONE',  ( -13.99999999999998934, 3.999999999999997335, 35.74264068711941889 ) ) ;
#1281 = ORIENTED_EDGE ( 'NONE', *, *, #1825, .F. ) ;
#1282 = EDGE_CURVE ( 'NONE', #295, #2234, #3430, .T. ) ;
#1283 = LINE ( 'NONE', #2095, #1021 ) ;
#1284 = CARTESIAN_POINT ( 'NONE',  ( -4.499999999999982236, 14.94929419610839538, 18.33873515681032984 ) ) ;
#1285 = EDGE_CURVE ( 'NONE', #285, #1734, #2551, .T. ) ;
#1286 = ORIENTED_EDGE ( 'NONE', *, *, #1036, .F. ) ;
#1287 = ORIENTED_EDGE ( 'NONE', *, *, #1684, .T. ) ;
#1288 = FACE_BOUND ( 'NONE', #977, .T. ) ;
#1289 = EDGE_LOOP ( 'NONE', ( #3564, #351 ) ) ;
#1290 = DIRECTION ( 'NONE',  ( -2.151659659284524954E-16, -0.8682431421244590775, -0.4961389383568339806 ) ) ;
#1291 = DIRECTION ( 'NONE',  ( -0.000000000000000000, -0.000000000000000000, 1.000000000000000000 ) ) ;
#1292 = CARTESIAN_POINT ( 'NONE',  ( -14.62132034355966503, 24.00000000000000000, 2.121320343559611743 ) ) ;
#1293 = CARTESIAN_POINT ( 'NONE',  ( 18.34903107431196645, 14.84417617489997099, 14.24264068711942244 ) ) ;
#1294 = ORIENTED_EDGE ( 'NONE', *, *, #1518, .F. ) ;
#1295 = PLANE ( 'NONE',  #2920 ) ;
#1296 = ORIENTED_EDGE ( 'NONE', *, *, #402, .T. ) ;
#1297 = EDGE_CURVE ( 'NONE', #220, #2645, #2282, .T. ) ;
#1298 = DIRECTION ( 'NONE',  ( -0.2568497389111223383, 0.9664513498471035691, 0.000000000000000000 ) ) ;
#1299 = ORIENTED_EDGE ( 'NONE', *, *, #185, .F. ) ;
#1300 = PLANE ( 'NONE',  #3304 ) ;
#1301 = EDGE_CURVE ( 'NONE', #2333, #3571, #3572, .T. ) ;
#1302 = VECTOR ( 'NONE', #1471, 1000.000000000000000 ) ;
#1303 = CARTESIAN_POINT ( 'NONE',  ( 14.89647917781741882, 24.00000000000000000, 5.242640687119425991 ) ) ;
#1304 = CARTESIAN_POINT ( 'NONE',  ( -11.90258380183475495, 15.00535169487283760, 19.24264068711940112 ) ) ;
#1305 = VECTOR ( 'NONE', #1445, 1000.000000000000000 ) ;
#1306 = CARTESIAN_POINT ( 'NONE',  ( -14.89647917781741882, 16.00000000000001421, 5.242640687119425991 ) ) ;
#1307 = ADVANCED_FACE ( 'NONE', ( #2924 ), #1589, .F. ) ;
#1308 = AXIS2_PLACEMENT_3D ( 'NONE', #2943, #3540, #144 ) ;
#1309 = PLANE ( 'NONE',  #348 ) ;
#1310 = SURFACE_SIDE_STYLE ('',( #518 ) ) ;
#1311 = VECTOR ( 'NONE', #1332, 1000.000000000000114 ) ;
#1312 = EDGE_LOOP ( 'NONE', ( #2145, #1373, #2630, #2908, #275, #907, #658, #2238, #2127, #828 ) ) ;
#1313 = ORIENTED_EDGE ( 'NONE', *, *, #1760, .F. ) ;
#1314 = DIRECTION ( 'NONE',  ( -0.000000000000000000, 0.4961389383568343137, -0.8682431421244588554 ) ) ;
#1315 = PLANE ( 'NONE',  #1308 ) ;
#1316 = AXIS2_PLACEMENT_3D ( 'NONE', #628, #2274, #2015 ) ;
#1317 = EDGE_CURVE ( 'NONE', #622, #1929, #1859, .T. ) ;
#1318 = DIRECTION ( 'NONE',  ( -1.916122641910825015E-15, 0.000000000000000000, 1.000000000000000000 ) ) ;
#1319 = EDGE_LOOP ( 'NONE', ( #1992, #1206, #2862, #2034 ) ) ;
#1320 = EDGE_CURVE ( 'NONE', #179, #1757, #1625, .T. ) ;
#1321 = DIRECTION ( 'NONE',  ( -0.6225126250651875637, 0.4742953333830002838, 0.6225126250651933368 ) ) ;
#1322 = CARTESIAN_POINT ( 'NONE',  ( -9.500000000000001776, 14.00535169487284470, 8.242640687119429543 ) ) ;
#1323 = CARTESIAN_POINT ( 'NONE',  ( 11.90258380183475673, 14.00535169487283049, 20.24264068711942599 ) ) ;
#1324 = DIRECTION ( 'NONE',  ( -0.2568497389111223383, 0.9664513498471035691, -0.000000000000000000 ) ) ;
#1325 = DIRECTION ( 'NONE',  ( 0.000000000000000000, 0.000000000000000000, 1.000000000000000000 ) ) ;
#1326 = AXIS2_PLACEMENT_3D ( 'NONE', #3042, #2765, #1099 ) ;
#1327 = EDGE_CURVE ( 'NONE', #3554, #3510, #2077, .T. ) ;
#1328 = ORIENTED_EDGE ( 'NONE', *, *, #3390, .T. ) ;
#1329 = ORIENTED_EDGE ( 'NONE', *, *, #2561, .T. ) ;
#1330 = CIRCLE ( 'NONE', #809, 2.061552812808828516 ) ;
#1331 = CARTESIAN_POINT ( 'NONE',  ( -23.50000000000001421, 11.92315482793935999, 41.76483792539831796 ) ) ;
#1332 = DIRECTION ( 'NONE',  ( 0.9360674452095580911, 0.2487747354725243221, 0.2487747354725283189 ) ) ;
#1333 = EDGE_CURVE ( 'NONE', #3217, #938, #980, .T. ) ;
#1334 = EDGE_CURVE ( 'NONE', #1981, #3005, #3039, .T. ) ;
#1335 = CIRCLE ( 'NONE', #4, 3.050000000000004707 ) ;
#1336 = VECTOR ( 'NONE', #273, 1000.000000000000114 ) ;
#1337 = LINE ( 'NONE', #3575, #2133 ) ;
#1338 = EDGE_CURVE ( 'NONE', #1016, #462, #2263, .T. ) ;
#1339 = ORIENTED_EDGE ( 'NONE', *, *, #2582, .F. ) ;
#1340 = CARTESIAN_POINT ( 'NONE',  ( 13.99999999999999645, 0.000000000000000000, 8.242640687119418885 ) ) ;
#1341 = ORIENTED_EDGE ( 'NONE', *, *, #2621, .F. ) ;
#1342 = CARTESIAN_POINT ( 'NONE',  ( 4.500000000000001776, 17.24034734589208639, 23.10316170595753960 ) ) ;
#1343 = DIRECTION ( 'NONE',  ( -1.507532509004169868E-46, -1.000000000000000000, 1.862214266276592357E-31 ) ) ;
#1344 = DIRECTION ( 'NONE',  ( 0.000000000000000000, 0.4961389383568340361, -0.8682431421244590775 ) ) ;
#1345 = ORIENTED_EDGE ( 'NONE', *, *, #3252, .T. ) ;
#1346 = ORIENTED_EDGE ( 'NONE', *, *, #2419, .F. ) ;
#1347 = CARTESIAN_POINT ( 'NONE',  ( 9.500000000000012434, 15.00535169487283760, 20.24264068711942599 ) ) ;
#1348 = FACE_OUTER_BOUND ( 'NONE', #781, .T. ) ;
#1349 = LINE ( 'NONE', #3339, #160 ) ;
#1350 = FACE_OUTER_BOUND ( 'NONE', #3085, .T. ) ;
#1351 = ORIENTED_EDGE ( 'NONE', *, *, #1088, .F. ) ;
#1352 = DIRECTION ( 'NONE',  ( -1.000000000000000000, 0.000000000000000000, -8.095376221225113908E-16 ) ) ;
#1353 = ORIENTED_EDGE ( 'NONE', *, *, #1492, .F. ) ;
#1354 = DIRECTION ( 'NONE',  ( -1.000000000000000000, -0.000000000000000000, 0.000000000000000000 ) ) ;
#1355 = CARTESIAN_POINT ( 'NONE',  ( 14.00000000000000711, 3.999999999999997335, 33.68108787431057749 ) ) ;
#1356 = DIRECTION ( 'NONE',  ( -1.507532509004170062E-46, 1.000000000000000000, -1.862214266276592357E-31 ) ) ;
#1357 = AXIS2_PLACEMENT_3D ( 'NONE', #306, #1354, #1086 ) ;
#1358 = CARTESIAN_POINT ( 'NONE',  ( 23.50000000000001421, 11.92315482793935999, 41.76483792539833928 ) ) ;
#1359 = ORIENTED_EDGE ( 'NONE', *, *, #1809, .F. ) ;
#1360 = CIRCLE ( 'NONE', #3187, 2.999999999999999112 ) ;
#1361 = CIRCLE ( 'NONE', #3421, 3.200000000000001066 ) ;
#1362 = ORIENTED_EDGE ( 'NONE', *, *, #1874, .T. ) ;
#1363 = FACE_OUTER_BOUND ( 'NONE', #2846, .T. ) ;
#1364 = EDGE_CURVE ( 'NONE', #1747, #1185, #1923, .T. ) ;
#1365 = LINE ( 'NONE', #3006, #691 ) ;
#1366 = VECTOR ( 'NONE', #237, 1000.000000000000227 ) ;
#1367 = CYLINDRICAL_SURFACE ( 'NONE', #215, 2.061552812808828516 ) ;
#1368 = VECTOR ( 'NONE', #1615, 999.9999999999998863 ) ;
#1369 = CARTESIAN_POINT ( 'NONE',  ( -13.99999999999998934, 3.999999999999997335, 35.74264068711941889 ) ) ;
#1370 = VECTOR ( 'NONE', #894, 1000.000000000000000 ) ;
#1371 = CARTESIAN_POINT ( 'NONE',  ( 0.000000000000000000, 24.00000000000000000, 0.000000000000000000 ) ) ;
#1372 = VERTEX_POINT ( 'NONE', #2200 ) ;
#1373 = ORIENTED_EDGE ( 'NONE', *, *, #1622, .T. ) ;
#1374 = CARTESIAN_POINT ( 'NONE',  ( 0.000000000000000000, 24.00000000000000000, 0.000000000000000000 ) ) ;
#1375 = DIRECTION ( 'NONE',  ( 0.000000000000000000, 1.000000000000000000, -0.000000000000000000 ) ) ;
#1376 = CARTESIAN_POINT ( 'NONE',  ( -9.500000000000010658, 15.00535169487283760, 19.24264068711940467 ) ) ;
#1377 = EDGE_CURVE ( 'NONE', #688, #3463, #3319, .T. ) ;
#1378 = LINE ( 'NONE', #3584, #3097 ) ;
#1379 = ORIENTED_EDGE ( 'NONE', *, *, #1030, .T. ) ;
#1380 = DIRECTION ( 'NONE',  ( 0.000000000000000000, -0.000000000000000000, 1.000000000000000000 ) ) ;
#1381 = VERTEX_POINT ( 'NONE', #3493 ) ;
#1382 = EDGE_CURVE ( 'NONE', #1252, #220, #1365, .T. ) ;
#1383 = VERTEX_POINT ( 'NONE', #958 ) ;
#1384 = DIRECTION ( 'NONE',  ( 0.000000000000000000, 0.000000000000000000, 1.000000000000000000 ) ) ;
#1385 = DIRECTION ( 'NONE',  ( -1.507532509004169868E-46, -1.000000000000000000, 1.862214266276592357E-31 ) ) ;
#1386 = DIRECTION ( 'NONE',  ( -1.000000000000000000, -0.000000000000000000, 4.336808689942017736E-16 ) ) ;
#1387 = ORIENTED_EDGE ( 'NONE', *, *, #805, .T. ) ;
#1388 = DIRECTION ( 'NONE',  ( 0.000000000000000000, 0.000000000000000000, 1.000000000000000000 ) ) ;
#1389 = CARTESIAN_POINT ( 'NONE',  ( 24.50000000000001421, 0.000000000000000000, 35.24264068711940467 ) ) ;
#1390 = VECTOR ( 'NONE', #1089, 1000.000000000000000 ) ;
#1391 = VERTEX_POINT ( 'NONE', #3194 ) ;
#1392 = FACE_OUTER_BOUND ( 'NONE', #2747, .T. ) ;
#1393 = CARTESIAN_POINT ( 'NONE',  ( 24.49999999999998934, 13.20945885274676179, 11.74264068711942599 ) ) ;
#1394 = CARTESIAN_POINT ( 'NONE',  ( 4.500000000000000000, 14.94929419610839538, 18.33873515681032984 ) ) ;
#1395 = CARTESIAN_POINT ( 'NONE',  ( -4.500000000000000888, 17.24034734589208995, 23.10316170595753249 ) ) ;
#1396 = ORIENTED_EDGE ( 'NONE', *, *, #1823, .T. ) ;
#1397 = CARTESIAN_POINT ( 'NONE',  ( 14.00000000000000711, 16.00000000000001066, 30.40779207703108256 ) ) ;
#1398 = ORIENTED_EDGE ( 'NONE', *, *, #1518, .T. ) ;
#1399 = CARTESIAN_POINT ( 'NONE',  ( -9.500000000000012434, 15.00535169487283760, 20.24264068711940823 ) ) ;
#1400 = ORIENTED_EDGE ( 'NONE', *, *, #2680, .T. ) ;
#1401 = CARTESIAN_POINT ( 'NONE',  ( 19.50000000000001776, 7.238095238095255901, 20.24264068711943310 ) ) ;
#1402 = LINE ( 'NONE', #2532, #2318 ) ;
#1403 = CARTESIAN_POINT ( 'NONE',  ( -9.500000000000000000, 2.881355503876798174, -2.881355503876760427 ) ) ;
#1404 = EDGE_CURVE ( 'NONE', #2449, #1130, #2125, .T. ) ;
#1405 = CARTESIAN_POINT ( 'NONE',  ( 13.99999999999998757, 0.000000000000000000, -3.002000000000018431 ) ) ;
#1406 = DIRECTION ( 'NONE',  ( 8.673617379884046319E-16, -0.000000000000000000, -1.000000000000000000 ) ) ;
#1407 = PLANE ( 'NONE',  #1326 ) ;
#1408 = ORIENTED_EDGE ( 'NONE', *, *, #244, .T. ) ;
#1409 = ORIENTED_EDGE ( 'NONE', *, *, #3241, .F. ) ;
#1410 = CARTESIAN_POINT ( 'NONE',  ( -15.66529484816181395, 14.00535169487283760, 20.24264068711940467 ) ) ;
#1411 = VERTEX_POINT ( 'NONE', #1245 ) ;
#1412 = EDGE_CURVE ( 'NONE', #94, #3220, #227, .T. ) ;
#1413 = CARTESIAN_POINT ( 'NONE',  ( 14.89647917781742059, 0.6830317545275608193, 7.242640687119425991 ) ) ;
#1414 = CARTESIAN_POINT ( 'NONE',  ( -4.499999999999982236, -5.513428880814703170, 6.645750541425696767 ) ) ;
#1415 = FACE_OUTER_BOUND ( 'NONE', #2823, .T. ) ;
#1416 = EDGE_LOOP ( 'NONE', ( #1468, #174, #2895, #1175, #934, #803, #1408, #2942 ) ) ;
#1417 = DIRECTION ( 'NONE',  ( 1.324098251867399156E-16, 0.4961389383568340361, -0.8682431421244591885 ) ) ;
#1418 = ORIENTED_EDGE ( 'NONE', *, *, #941, .T. ) ;
#1419 = FACE_OUTER_BOUND ( 'NONE', #1416, .T. ) ;
#1420 = LINE ( 'NONE', #609, #3255 ) ;
#1421 = AXIS2_PLACEMENT_3D ( 'NONE', #3105, #548, #3345 ) ;
#1422 = VECTOR ( 'NONE', #3303, 999.9999999999998863 ) ;
#1423 = VECTOR ( 'NONE', #607, 1000.000000000000000 ) ;
#1424 = CARTESIAN_POINT ( 'NONE',  ( 6.000000000000003553, 20.00000000000000711, 14.24264068711941178 ) ) ;
#1425 = DIRECTION ( 'NONE',  ( -1.000000000000000000, -0.000000000000000000, 4.336808689942017736E-16 ) ) ;
#1426 = EDGE_CURVE ( 'NONE', #1230, #3230, #2379, .T. ) ;
#1427 = AXIS2_PLACEMENT_3D ( 'NONE', #2756, #3381, #2822 ) ;
#1428 = CIRCLE ( 'NONE', #2139, 2.999999999999999112 ) ;
#1429 = LINE ( 'NONE', #322, #991 ) ;
#1430 = DIRECTION ( 'NONE',  ( 0.000000000000000000, 0.000000000000000000, 1.000000000000000000 ) ) ;
#1431 = LINE ( 'NONE', #17, #1949 ) ;
#1432 = DIRECTION ( 'NONE',  ( 2.151659659284525201E-16, 0.8682431421244591885, 0.4961389383568340361 ) ) ;
#1433 = ADVANCED_FACE ( 'NONE', ( #761 ), #501, .F. ) ;
#1434 = CARTESIAN_POINT ( 'NONE',  ( -13.99999999999998757, 0.000000000000000000, -3.001999999999997559 ) ) ;
#1435 = VERTEX_POINT ( 'NONE', #2442 ) ;
#1436 = LINE ( 'NONE', #2560, #447 ) ;
#1437 = CARTESIAN_POINT ( 'NONE',  ( 17.96375646594528064, 13.39449915012930603, 14.24264068711942244 ) ) ;
#1438 = DIRECTION ( 'NONE',  ( -1.000000000000000000, 0.000000000000000000, -8.095376221225113908E-16 ) ) ;
#1439 = ADVANCED_FACE ( 'NONE', ( #3556 ), #2165, .F. ) ;
#1440 = ORIENTED_EDGE ( 'NONE', *, *, #648, .F. ) ;
#1441 = LINE ( 'NONE', #3407, #2309 ) ;
#1442 = EDGE_CURVE ( 'NONE', #1247, #3293, #2813, .T. ) ;
#1443 = DIRECTION ( 'NONE',  ( 4.965368444502741598E-17, -0.4961389383568340361, 0.8682431421244591885 ) ) ;
#1444 = AXIS2_PLACEMENT_3D ( 'NONE', #1389, #3356, #848 ) ;
#1445 = DIRECTION ( 'NONE',  ( -0.000000000000000000, -1.000000000000000000, -0.000000000000000000 ) ) ;
#1446 = CARTESIAN_POINT ( 'NONE',  ( 14.89647917781742059, 0.6830317545275608193, 7.242640687119425991 ) ) ;
#1447 = CIRCLE ( 'NONE', #1101, 7.242640687119608067 ) ;
#1448 = LINE ( 'NONE', #676, #1513 ) ;
#1449 = ORIENTED_EDGE ( 'NONE', *, *, #1809, .T. ) ;
#1450 = CARTESIAN_POINT ( 'NONE',  ( 12.49999999999998757, 23.92818622519841298, 7.242640687119426879 ) ) ;
#1451 = CARTESIAN_POINT ( 'NONE',  ( -12.49999999999998757, 24.00000000000000000, 7.242640687119426879 ) ) ;
#1452 = LINE ( 'NONE', #2548, #2144 ) ;
#1453 = ORIENTED_EDGE ( 'NONE', *, *, #1317, .F. ) ;
#1454 = VERTEX_POINT ( 'NONE', #3352 ) ;
#1455 = DIRECTION ( 'NONE',  ( -0.000000000000000000, -0.4961389383568342581, 0.8682431421244589664 ) ) ;
#1456 = ADVANCED_FACE ( 'NONE', ( #3391 ), #1152, .F. ) ;
#1457 = EDGE_CURVE ( 'NONE', #2645, #2070, #881, .T. ) ;
#1458 = VERTEX_POINT ( 'NONE', #1094 ) ;
#1459 = LINE ( 'NONE', #1780, #2724 ) ;
#1460 = ORIENTED_EDGE ( 'NONE', *, *, #3435, .T. ) ;
#1461 = DIRECTION ( 'NONE',  ( 0.000000000000000000, 0.000000000000000000, 1.000000000000000000 ) ) ;
#1462 = PLANE ( 'NONE',  #3427 ) ;
#1463 = VERTEX_POINT ( 'NONE', #1998 ) ;
#1464 = CARTESIAN_POINT ( 'NONE',  ( 0.000000000000000000, 24.00000000000000000, 0.000000000000000000 ) ) ;
#1465 = ORIENTED_EDGE ( 'NONE', *, *, #3323, .F. ) ;
#1466 = DIRECTION ( 'NONE',  ( -1.000000000000000000, -3.540251991789406472E-17, 4.956352788505164254E-16 ) ) ;
#1467 = ORIENTED_EDGE ( 'NONE', *, *, #1554, .F. ) ;
#1468 = ORIENTED_EDGE ( 'NONE', *, *, #767, .T. ) ;
#1469 = DIRECTION ( 'NONE',  ( 1.507532509004169868E-46, 1.000000000000000000, -1.862214266276592357E-31 ) ) ;
#1470 = CARTESIAN_POINT ( 'NONE',  ( -19.99999999999999645, 14.40540505871244470, 21.24264068711941889 ) ) ;
#1471 = DIRECTION ( 'NONE',  ( -1.000000000000000000, -0.000000000000000000, 4.336808689942017736E-16 ) ) ;
#1472 = ORIENTED_EDGE ( 'NONE', *, *, #1285, .F. ) ;
#1473 = VERTEX_POINT ( 'NONE', #3074 ) ;
#1474 = EDGE_CURVE ( 'NONE', #2046, #1530, #3111, .T. ) ;
#1475 = CIRCLE ( 'NONE', #2374, 2.550000000000000711 ) ;
#1476 = LINE ( 'NONE', #955, #325 ) ;
#1477 = ADVANCED_FACE ( 'NONE', ( #3335 ), #2255, .F. ) ;
#1478 = VECTOR ( 'NONE', #1081, 1000.000000000000000 ) ;
#1479 = VECTOR ( 'NONE', #1972, 1000.000000000000000 ) ;
#1480 = EDGE_CURVE ( 'NONE', #3209, #3463, #821, .T. ) ;
#1481 = DIRECTION ( 'NONE',  ( -0.000000000000000000, -1.000000000000000000, -0.000000000000000000 ) ) ;
#1482 = DIRECTION ( 'NONE',  ( -1.000000000000000000, 0.000000000000000000, 0.000000000000000000 ) ) ;
#1483 = CIRCLE ( 'NONE', #3542, 7.242640687119608067 ) ;
#1484 = VECTOR ( 'NONE', #1673, 1000.000000000000227 ) ;
#1485 = VECTOR ( 'NONE', #2554, 1000.000000000000000 ) ;
#1486 = LINE ( 'NONE', #2028, #2106 ) ;
#1487 = ORIENTED_EDGE ( 'NONE', *, *, #1738, .F. ) ;
#1488 = PLANE ( 'NONE',  #1136 ) ;
#1489 = ORIENTED_EDGE ( 'NONE', *, *, #1297, .T. ) ;
#1490 = ORIENTED_EDGE ( 'NONE', *, *, #2069, .T. ) ;
#1491 = DIRECTION ( 'NONE',  ( 0.000000000000000000, 0.000000000000000000, -1.000000000000000000 ) ) ;
#1492 = EDGE_CURVE ( 'NONE', #2632, #2979, #2291, .T. ) ;
#1493 = VECTOR ( 'NONE', #2849, 1000.000000000000114 ) ;
#1494 = PLANE ( 'NONE',  #811 ) ;
#1495 = CARTESIAN_POINT ( 'NONE',  ( -5.999999999999998224, 24.00000000000000000, 0.5000000000000034417 ) ) ;
#1496 = ADVANCED_FACE ( 'NONE', ( #3055 ), #1737, .T. ) ;
#1497 = ORIENTED_EDGE ( 'NONE', *, *, #1714, .F. ) ;
#1498 = AXIS2_PLACEMENT_3D ( 'NONE', #477, #2702, #3256 ) ;
#1499 = ORIENTED_EDGE ( 'NONE', *, *, #1036, .T. ) ;
#1500 = VERTEX_POINT ( 'NONE', #1938 ) ;
#1501 = CARTESIAN_POINT ( 'NONE',  ( -6.999999999999997335, 24.00000000000000000, 0.5000000000000000000 ) ) ;
#1502 = VERTEX_POINT ( 'NONE', #280 ) ;
#1503 = FACE_OUTER_BOUND ( 'NONE', #2978, .T. ) ;
#1504 = CARTESIAN_POINT ( 'NONE',  ( 9.500000000000000000, 0.000000000000000000, 35.24264068711941178 ) ) ;
#1505 = VECTOR ( 'NONE', #2697, 1000.000000000000000 ) ;
#1506 = ORIENTED_EDGE ( 'NONE', *, *, #1194, .F. ) ;
#1507 = ORIENTED_EDGE ( 'NONE', *, *, #2179, .T. ) ;
#1508 = DIRECTION ( 'NONE',  ( 1.229519805305442549E-16, 0.4961389383568340361, -0.8682431421244591885 ) ) ;
#1509 = CARTESIAN_POINT ( 'NONE',  ( -24.49999999999998934, 0.000000000000000000, 11.74264068711943310 ) ) ;
#1510 = ORIENTED_EDGE ( 'NONE', *, *, #1720, .T. ) ;
#1511 = CARTESIAN_POINT ( 'NONE',  ( 6.000000000009624301, 23.00000000000000000, 0.5000043879513039746 ) ) ;
#1512 = VECTOR ( 'NONE', #768, 1000.000000000000000 ) ;
#1513 = VECTOR ( 'NONE', #3200, 1000.000000000000114 ) ;
#1514 = DIRECTION ( 'NONE',  ( -8.095376221225113908E-16, -0.000000000000000000, -1.000000000000000000 ) ) ;
#1515 = ORIENTED_EDGE ( 'NONE', *, *, #3057, .T. ) ;
#1516 = EDGE_LOOP ( 'NONE', ( #1200, #1499, #566, #498, #2613, #1271, #142 ) ) ;
#1517 = PLANE ( 'NONE',  #502 ) ;
#1518 = EDGE_CURVE ( 'NONE', #1846, #2586, #1452, .T. ) ;
#1519 = EDGE_CURVE ( 'NONE', #3337, #3503, #44, .T. ) ;
#1520 = ORIENTED_EDGE ( 'NONE', *, *, #256, .F. ) ;
#1521 = CARTESIAN_POINT ( 'NONE',  ( -13.99999999999999645, 0.000000000000000000, 30.40779207703107900 ) ) ;
#1522 = LINE ( 'NONE', #2317, #1305 ) ;
#1523 = ORIENTED_EDGE ( 'NONE', *, *, #3287, .T. ) ;
#1524 = ORIENTED_EDGE ( 'NONE', *, *, #1906, .F. ) ;
#1525 = EDGE_CURVE ( 'NONE', #2767, #649, #2149, .T. ) ;
#1526 = DIRECTION ( 'NONE',  ( 1.000000000000000000, 0.000000000000000000, -8.054073281320901773E-16 ) ) ;
#1527 = ORIENTED_EDGE ( 'NONE', *, *, #2320, .T. ) ;
#1528 = LINE ( 'NONE', #2084, #383 ) ;
#1529 = ORIENTED_EDGE ( 'NONE', *, *, #1194, .T. ) ;
#1530 = VERTEX_POINT ( 'NONE', #2216 ) ;
#1531 = CARTESIAN_POINT ( 'NONE',  ( 24.50000000000000000, 8.000000000000007105, 16.74264068711941889 ) ) ;
#1532 = CARTESIAN_POINT ( 'NONE',  ( 23.50000000000001421, 11.92315482793935999, 41.76483792539833928 ) ) ;
#1533 = DIRECTION ( 'NONE',  ( -1.000000000000000000, 4.375417054640872599E-16, 1.084137520221882048E-16 ) ) ;
#1534 = EDGE_CURVE ( 'NONE', #459, #1130, #1682, .T. ) ;
#1535 = EDGE_LOOP ( 'NONE', ( #542, #1294, #2021, #936 ) ) ;
#1536 = ORIENTED_EDGE ( 'NONE', *, *, #2744, .T. ) ;
#1537 = ORIENTED_EDGE ( 'NONE', *, *, #27, .F. ) ;
#1538 = FACE_BOUND ( 'NONE', #3450, .T. ) ;
#1539 = AXIS2_PLACEMENT_3D ( 'NONE', #853, #3327, #1674 ) ;
#1540 = DIRECTION ( 'NONE',  ( 0.000000000000000000, 1.000000000000000000, -0.000000000000000000 ) ) ;
#1541 = EDGE_CURVE ( 'NONE', #1242, #771, #63, .T. ) ;
#1542 = ORIENTED_EDGE ( 'NONE', *, *, #2664, .T. ) ;
#1543 = AXIS2_PLACEMENT_3D ( 'NONE', #283, #12, #1117 ) ;
#1544 = AXIS2_PLACEMENT_3D ( 'NONE', #1124, #536, #1380 ) ;
#1545 = ORIENTED_EDGE ( 'NONE', *, *, #1338, .T. ) ;
#1546 = ORIENTED_EDGE ( 'NONE', *, *, #1442, .T. ) ;
#1547 = CARTESIAN_POINT ( 'NONE',  ( 0.000000000000000000, 0.000000000000000000, 0.000000000000000000 ) ) ;
#1548 = ORIENTED_EDGE ( 'NONE', *, *, #805, .F. ) ;
#1549 = AXIS2_PLACEMENT_3D ( 'NONE', #386, #2615, #115 ) ;
#1550 = LINE ( 'NONE', #1617, #2372 ) ;
#1551 = ORIENTED_EDGE ( 'NONE', *, *, #2303, .F. ) ;
#1552 = EDGE_LOOP ( 'NONE', ( #58, #2998, #1345, #1179 ) ) ;
#1553 = CARTESIAN_POINT ( 'NONE',  ( 6.000000000009624301, 24.00000000000000000, 0.5000043879513039746 ) ) ;
#1554 = EDGE_CURVE ( 'NONE', #3136, #975, #1402, .T. ) ;
#1555 = AXIS2_PLACEMENT_3D ( 'NONE', #2637, #2936, #2657 ) ;
#1556 = VECTOR ( 'NONE', #1987, 1000.000000000000000 ) ;
#1557 = CARTESIAN_POINT ( 'NONE',  ( 13.99999999999998757, 3.000000000000000000, -3.002000000000018431 ) ) ;
#1558 = CARTESIAN_POINT ( 'NONE',  ( 24.50000000000001421, 1.999999999999997335, 36.24264068711940467 ) ) ;
#1559 = AXIS2_PLACEMENT_3D ( 'NONE', #1209, #886, #1430 ) ;
#1560 = VERTEX_POINT ( 'NONE', #1171 ) ;
#1561 = CARTESIAN_POINT ( 'NONE',  ( 5.256760911940725310E-15, 20.00000000000000711, 14.24264068711941356 ) ) ;
#1562 = ORIENTED_EDGE ( 'NONE', *, *, #515, .F. ) ;
#1563 = EDGE_CURVE ( 'NONE', #1652, #3554, #1127, .T. ) ;
#1564 = CARTESIAN_POINT ( 'NONE',  ( -9.500000000000028422, 15.00535169487283760, 41.76483792539832507 ) ) ;
#1565 = DIRECTION ( 'NONE',  ( -1.000000000000000000, -0.000000000000000000, -0.000000000000000000 ) ) ;
#1566 = ORIENTED_EDGE ( 'NONE', *, *, #932, .F. ) ;
#1567 = ORIENTED_EDGE ( 'NONE', *, *, #2152, .F. ) ;
#1568 = DIRECTION ( 'NONE',  ( -0.000000000000000000, -1.000000000000000000, -0.000000000000000000 ) ) ;
#1569 = DIRECTION ( 'NONE',  ( -1.000000000000000000, 1.334402673828312353E-16, 1.334402673828312353E-16 ) ) ;
#1570 = DIRECTION ( 'NONE',  ( -4.336808689942017736E-16, 0.000000000000000000, -1.000000000000000000 ) ) ;
#1571 = EDGE_CURVE ( 'NONE', #1111, #2880, #1420, .T. ) ;
#1572 = DIRECTION ( 'NONE',  ( 0.000000000000000000, 0.8682431421244590775, 0.4961389383568343137 ) ) ;
#1573 =( LENGTH_UNIT ( ) NAMED_UNIT ( * ) SI_UNIT ( .MILLI., .METRE. ) );
#1574 = ORIENTED_EDGE ( 'NONE', *, *, #2686, .T. ) ;
#1575 = VECTOR ( 'NONE', #2194, 1000.000000000000000 ) ;
#1576 = ORIENTED_EDGE ( 'NONE', *, *, #133, .F. ) ;
#1577 = ORIENTED_EDGE ( 'NONE', *, *, #1910, .F. ) ;
#1578 = LINE ( 'NONE', #2981, #1076 ) ;
#1579 = DIRECTION ( 'NONE',  ( 1.000000000000000000, 0.000000000000000000, -4.336808689942017736E-16 ) ) ;
#1580 = EDGE_CURVE ( 'NONE', #989, #3209, #2525, .T. ) ;
#1581 = EDGE_CURVE ( 'NONE', #834, #1747, #664, .T. ) ;
#1582 = PLANE ( 'NONE',  #751 ) ;
#1583 = DIRECTION ( 'NONE',  ( 0.000000000000000000, 1.000000000000000000, 0.000000000000000000 ) ) ;
#1584 = CARTESIAN_POINT ( 'NONE',  ( -23.49999999999998934, 11.92315482793935999, 12.24264068711943310 ) ) ;
#1585 = CARTESIAN_POINT ( 'NONE',  ( 6.999999999999997335, 24.00000000000000000, 0.5000000000000003331 ) ) ;
#1586 = DIRECTION ( 'NONE',  ( 0.000000000000000000, 0.000000000000000000, 1.000000000000000000 ) ) ;
#1587 = ORIENTED_EDGE ( 'NONE', *, *, #1480, .T. ) ;
#1588 = ORIENTED_EDGE ( 'NONE', *, *, #1162, .F. ) ;
#1589 = CYLINDRICAL_SURFACE ( 'NONE', #394, 3.200000000000001510 ) ;
#1590 = DIRECTION ( 'NONE',  ( 0.000000000000000000, 0.000000000000000000, 1.000000000000000000 ) ) ;
#1591 = EDGE_CURVE ( 'NONE', #928, #3510, #2368, .T. ) ;
#1592 = CARTESIAN_POINT ( 'NONE',  ( 24.50000000000001421, 1.999999999999997335, 36.24264068711940467 ) ) ;
#1593 = CARTESIAN_POINT ( 'NONE',  ( -12.49999999999999645, 24.00000000000000000, 0.000000000000000000 ) ) ;
#1594 = VERTEX_POINT ( 'NONE', #3186 ) ;
#1595 = ADVANCED_FACE ( 'NONE', ( #2915 ), #2888, .F. ) ;
#1596 = LINE ( 'NONE', #512, #2764 ) ;
#1597 = ORIENTED_EDGE ( 'NONE', *, *, #832, .F. ) ;
#1598 = VECTOR ( 'NONE', #3271, 1000.000000000000114 ) ;
#1599 = LINE ( 'NONE', #2986, #1366 ) ;
#1600 = AXIS2_PLACEMENT_3D ( 'NONE', #193, #3023, #2706 ) ;
#1601 = AXIS2_PLACEMENT_3D ( 'NONE', #1980, #1686, #1388 ) ;
#1602 = CARTESIAN_POINT ( 'NONE',  ( 12.49999999999999645, 0.000000000000000000, -2.550000000000005596 ) ) ;
#1603 = EDGE_CURVE ( 'NONE', #3293, #3463, #390, .T. ) ;
#1604 = EDGE_CURVE ( 'NONE', #2083, #3587, #1029, .T. ) ;
#1605 = CARTESIAN_POINT ( 'NONE',  ( 14.89647917781742059, 16.00000000000001421, 7.242640687119425102 ) ) ;
#1606 = CIRCLE ( 'NONE', #2965, 0.4999978060243497890 ) ;
#1607 = VERTEX_POINT ( 'NONE', #931 ) ;
#1608 = ORIENTED_EDGE ( 'NONE', *, *, #100, .F. ) ;
#1609 = EDGE_CURVE ( 'NONE', #3344, #3475, #3208, .T. ) ;
#1610 = VECTOR ( 'NONE', #2901, 1000.000000000000114 ) ;
#1611 = DIRECTION ( 'NONE',  ( 0.000000000000000000, 0.000000000000000000, -1.000000000000000000 ) ) ;
#1612 = AXIS2_PLACEMENT_3D ( 'NONE', #2780, #350, #1438 ) ;
#1613 = CARTESIAN_POINT ( 'NONE',  ( 4.499999999999995559, -5.513428880814703170, 6.645750541425696767 ) ) ;
#1614 = ORIENTED_EDGE ( 'NONE', *, *, #1863, .F. ) ;
#1615 = DIRECTION ( 'NONE',  ( 4.336808689942032034E-16, -0.8682431421244585223, -0.4961389383568349798 ) ) ;
#1616 = ORIENTED_EDGE ( 'NONE', *, *, #3172, .T. ) ;
#1617 = CARTESIAN_POINT ( 'NONE',  ( 24.50000000000001421, 3.999999999999997335, 33.68108787431057038 ) ) ;
#1618 = ORIENTED_EDGE ( 'NONE', *, *, #3521, .T. ) ;
#1619 = CARTESIAN_POINT ( 'NONE',  ( 15.20880719905657408, 14.12667051087674608, 8.363959503123332695 ) ) ;
#1620 = CARTESIAN_POINT ( 'NONE',  ( -4.499999999999976907, 16.99227787671367906, 19.50615440287049296 ) ) ;
#1621 = PRESENTATION_STYLE_ASSIGNMENT (( #3316 ) ) ;
#1622 = EDGE_CURVE ( 'NONE', #2046, #1820, #3442, .T. ) ;
#1623 = ORIENTED_EDGE ( 'NONE', *, *, #908, .F. ) ;
#1624 = VECTOR ( 'NONE', #232, 1000.000000000000000 ) ;
#1625 = LINE ( 'NONE', #417, #2087 ) ;
#1626 = CARTESIAN_POINT ( 'NONE',  ( -9.500000000000000000, 0.000000000000000000, 36.24264068711941889 ) ) ;
#1627 = AXIS2_PLACEMENT_3D ( 'NONE', #943, #1508, #2971 ) ;
#1628 = EDGE_CURVE ( 'NONE', #1241, #3341, #1841, .T. ) ;
#1629 = CARTESIAN_POINT ( 'NONE',  ( -20.29476761249529915, 4.796013419044043324, 20.94787307462409487 ) ) ;
#1630 = DIRECTION ( 'NONE',  ( -1.000000000000000000, 0.000000000000000000, 8.054073281320901773E-16 ) ) ;
#1631 = ORIENTED_EDGE ( 'NONE', *, *, #3133, .T. ) ;
#1632 = ORIENTED_EDGE ( 'NONE', *, *, #3289, .F. ) ;
#1633 = CARTESIAN_POINT ( 'NONE',  ( 6.000000000009624301, 24.00000000000000000, 1.000000000000003331 ) ) ;
#1634 = FACE_BOUND ( 'NONE', #3500, .T. ) ;
#1635 = ORIENTED_EDGE ( 'NONE', *, *, #166, .F. ) ;
#1636 = DIRECTION ( 'NONE',  ( -0.000000000000000000, -0.4961389383568342581, 0.8682431421244589664 ) ) ;
#1637 = ADVANCED_FACE ( 'NONE', ( #2391 ), #411, .T. ) ;
#1638 = ORIENTED_EDGE ( 'NONE', *, *, #370, .F. ) ;
#1639 = DIRECTION ( 'NONE',  ( 0.000000000000000000, -0.4961389383568340916, 0.8682431421244591885 ) ) ;
#1640 = ORIENTED_EDGE ( 'NONE', *, *, #1268, .F. ) ;
#1641 = CARTESIAN_POINT ( 'NONE',  ( 24.50000000000000000, 8.000000000000007105, 11.74264068711942599 ) ) ;
#1642 = ORIENTED_EDGE ( 'NONE', *, *, #2233, .T. ) ;
#1643 = DIRECTION ( 'NONE',  ( -0.000000000000000000, 0.4961389383568340916, -0.8682431421244590775 ) ) ;
#1644 = CARTESIAN_POINT ( 'NONE',  ( 24.50000000000001421, 1.999999999999997335, 36.24264068711940467 ) ) ;
#1645 = CYLINDRICAL_SURFACE ( 'NONE', #2381, 9.999999999999998224 ) ;
#1646 = ORIENTED_EDGE ( 'NONE', *, *, #313, .T. ) ;
#1647 = B_SPLINE_CURVE_WITH_KNOTS ( 'NONE', 3,
 ( #2654, #2612, #2933, #1450 ),
 .UNSPECIFIED., .F., .F.,
 ( 4, 4 ),
 ( 0.000000000000000000, 0.0005363165017892669367 ),
 .UNSPECIFIED. ) ;
#1648 = EDGE_CURVE ( 'NONE', #2358, #2234, #2578, .T. ) ;
#1649 = CARTESIAN_POINT ( 'NONE',  ( 13.99999999999999645, 2.093993030670805197E-30, 8.242640687119424214 ) ) ;
#1650 = FACE_OUTER_BOUND ( 'NONE', #3189, .T. ) ;
#1651 = ORIENTED_EDGE ( 'NONE', *, *, #290, .F. ) ;
#1652 = VERTEX_POINT ( 'NONE', #950 ) ;
#1653 = EDGE_CURVE ( 'NONE', #1929, #622, #2959, .T. ) ;
#1654 = DIRECTION ( 'NONE',  ( -1.000000000000000000, 0.000000000000000000, 8.054073281320901773E-16 ) ) ;
#1655 = CARTESIAN_POINT ( 'NONE',  ( 4.895329467358450870, 18.41971026224004859, -3.001000000000003887 ) ) ;
#1656 = CARTESIAN_POINT ( 'NONE',  ( 0.000000000000000000, 23.00000000000000000, 0.000000000000000000 ) ) ;
#1657 = CARTESIAN_POINT ( 'NONE',  ( -14.00000000000000711, 3.000000000000000000, 20.24264068711940823 ) ) ;
#1658 = ORIENTED_EDGE ( 'NONE', *, *, #2912, .T. ) ;
#1659 = VECTOR ( 'NONE', #2876, 1000.000000000000000 ) ;
#1660 = DIRECTION ( 'NONE',  ( -8.095376221225113908E-16, -0.000000000000000000, -1.000000000000000000 ) ) ;
#1661 = AXIS2_PLACEMENT_3D ( 'NONE', #2742, #2420, #241 ) ;
#1662 = VERTEX_POINT ( 'NONE', #973 ) ;
#1663 = AXIS2_PLACEMENT_3D ( 'NONE', #2871, #395, #883 ) ;
#1664 = CARTESIAN_POINT ( 'NONE',  ( 5.999999999999998224, -2.505706757528373352, 1.382236825674617364 ) ) ;
#1665 = CARTESIAN_POINT ( 'NONE',  ( 4.500000000000001776, 17.73648628424891882, 22.23491856383308019 ) ) ;
#1666 = AXIS2_PLACEMENT_3D ( 'NONE', #1815, #3163, #662 ) ;
#1667 = DIRECTION ( 'NONE',  ( 8.414644850224708521E-16, 0.000000000000000000, 1.000000000000000000 ) ) ;
#1668 = AXIS2_PLACEMENT_3D ( 'NONE', #438, #2385, #1526 ) ;
#1669 = ADVANCED_FACE ( 'NONE', ( #2090 ), #430, .F. ) ;
#1670 = DIRECTION ( 'NONE',  ( -0.6225126250651897841, 0.4742953333830018936, -0.6225126250651897841 ) ) ;
#1671 = CARTESIAN_POINT ( 'NONE',  ( -12.51950104830841504, 24.00000000000000000, 6.711511812970145208 ) ) ;
#1672 = VERTEX_POINT ( 'NONE', #2659 ) ;
#1673 = DIRECTION ( 'NONE',  ( 2.151659659284525201E-16, 0.8682431421244590775, 0.4961389383568339806 ) ) ;
#1674 = DIRECTION ( 'NONE',  ( 0.000000000000000000, 0.000000000000000000, 1.000000000000000000 ) ) ;
#1675 = LINE ( 'NONE', #604, #684 ) ;
#1676 = ORIENTED_EDGE ( 'NONE', *, *, #210, .T. ) ;
#1677 = CARTESIAN_POINT ( 'NONE',  ( 12.49999999999998757, 24.00000000000000000, 6.711511812970133661 ) ) ;
#1678 = ORIENTED_EDGE ( 'NONE', *, *, #749, .F. ) ;
#1679 = LINE ( 'NONE', #1166, #614 ) ;
#1680 = EDGE_CURVE ( 'NONE', #1104, #2529, #994, .T. ) ;
#1681 = DIRECTION ( 'NONE',  ( 0.000000000000000000, -1.000000000000000000, 0.000000000000000000 ) ) ;
#1682 = LINE ( 'NONE', #2797, #1370 ) ;
#1683 = CARTESIAN_POINT ( 'NONE',  ( 19.99999999999997158, 14.40540505871245003, 7.242640687119421550 ) ) ;
#1684 = EDGE_CURVE ( 'NONE', #2900, #1785, #2893, .T. ) ;
#1685 = LINE ( 'NONE', #319, #2922 ) ;
#1686 = DIRECTION ( 'NONE',  ( 0.000000000000000000, 1.000000000000000000, 0.000000000000000000 ) ) ;
#1687 = CARTESIAN_POINT ( 'NONE',  ( -12.50626299502015293, 24.00000000000000000, 6.891544027562685137 ) ) ;
#1688 = AXIS2_PLACEMENT_3D ( 'NONE', #388, #3165, #2616 ) ;
#1689 = ORIENTED_EDGE ( 'NONE', *, *, #3561, .F. ) ;
#1690 = EDGE_CURVE ( 'NONE', #2991, #196, #2956, .T. ) ;
#1691 = PLANE ( 'NONE',  #3068 ) ;
#1692 = DIRECTION ( 'NONE',  ( -5.695089833395361905E-16, -0.7071067811865521247, 0.7071067811865430208 ) ) ;
#1693 = ORIENTED_EDGE ( 'NONE', *, *, #46, .F. ) ;
#1694 = CARTESIAN_POINT ( 'NONE',  ( 20.00000000000001421, 14.40540505871244115, 21.24264068711941889 ) ) ;
#1695 = DIRECTION ( 'NONE',  ( 1.000000000000000000, -0.000000000000000000, -4.336808689942018229E-16 ) ) ;
#1696 = CARTESIAN_POINT ( 'NONE',  ( -13.99999999999998934, 0.000000000000000000, 35.24264068711941889 ) ) ;
#1697 = LINE ( 'NONE', #1937, #3387 ) ;
#1698 = CARTESIAN_POINT ( 'NONE',  ( -13.99999999999998757, 3.000000000000000000, -3.001999999999997559 ) ) ;
#1699 = ADVANCED_FACE ( 'NONE', ( #366 ), #1009, .F. ) ;
#1700 = CARTESIAN_POINT ( 'NONE',  ( -12.49999999999999645, 24.00000000000000000, -2.550000000000000711 ) ) ;
#1701 = CARTESIAN_POINT ( 'NONE',  ( -15.66529484816177664, 14.00535169487284470, 8.242640687119425991 ) ) ;
#1702 = EDGE_CURVE ( 'NONE', #3587, #917, #2195, .T. ) ;
#1703 = CARTESIAN_POINT ( 'NONE',  ( -23.49999999999999289, 11.92315482793935999, 16.24264068711937270 ) ) ;
#1704 = ORIENTED_EDGE ( 'NONE', *, *, #507, .T. ) ;
#1705 = PLANE ( 'NONE',  #2899 ) ;
#1706 = DIRECTION ( 'NONE',  ( -1.868163743359639168E-16, -1.000000000000000000, 0.000000000000000000 ) ) ;
#1707 = LINE ( 'NONE', #1656, #3134 ) ;
#1708 = ORIENTED_EDGE ( 'NONE', *, *, #2642, .T. ) ;
#1709 = ORIENTED_EDGE ( 'NONE', *, *, #302, .T. ) ;
#1710 = EDGE_CURVE ( 'NONE', #3604, #989, #2726, .T. ) ;
#1711 = DIRECTION ( 'NONE',  ( 0.9664513498471032360, 0.2568497389111231710, 7.950815931560365521E-16 ) ) ;
#1712 = ORIENTED_EDGE ( 'NONE', *, *, #3545, .T. ) ;
#1713 = DIRECTION ( 'NONE',  ( 0.6225126250651872306, 0.4742953333829999507, -0.6225126250651937809 ) ) ;
#1714 = EDGE_CURVE ( 'NONE', #3171, #336, #224, .T. ) ;
#1715 = DIRECTION ( 'NONE',  ( -0.000000000000000000, -1.000000000000000000, -0.000000000000000000 ) ) ;
#1716 = CARTESIAN_POINT ( 'NONE',  ( -14.58379356617869327, 0.4447950980409128841, 7.242640687119425991 ) ) ;
#1717 = VECTOR ( 'NONE', #2483, 1000.000000000000114 ) ;
#1718 = VERTEX_POINT ( 'NONE', #1038 ) ;
#1719 = AXIS2_PLACEMENT_3D ( 'NONE', #274, #1950, #3071 ) ;
#1720 = EDGE_CURVE ( 'NONE', #108, #1458, #2766, .T. ) ;
#1721 = AXIS2_PLACEMENT_3D ( 'NONE', #3029, #3593, #3305 ) ;
#1722 = VECTOR ( 'NONE', #3326, 1000.000000000000000 ) ;
#1723 = DIRECTION ( 'NONE',  ( -0.000000000000000000, -1.000000000000000000, -0.000000000000000000 ) ) ;
#1724 = CIRCLE ( 'NONE', #504, 0.4999978060243497890 ) ;
#1725 = CIRCLE ( 'NONE', #564, 3.050000000000005596 ) ;
#1726 = ORIENTED_EDGE ( 'NONE', *, *, #2643, .T. ) ;
#1727 = DIRECTION ( 'NONE',  ( -0.000000000000000000, -0.000000000000000000, 1.000000000000000000 ) ) ;
#1728 = ORIENTED_EDGE ( 'NONE', *, *, #1012, .F. ) ;
#1729 = CARTESIAN_POINT ( 'NONE',  ( 13.00000000000001599, 15.50386106164317468, 22.11088382924386764 ) ) ;
#1730 = VECTOR ( 'NONE', #3432, 1000.000000000000000 ) ;
#1731 = CARTESIAN_POINT ( 'NONE',  ( -19.99999999999999645, 14.40540505871244470, 21.24264068711941889 ) ) ;
#1732 = MANIFOLD_SOLID_BREP ( '倒角5', #2156 ) ;
#1733 = CARTESIAN_POINT ( 'NONE',  ( 9.500000000000000000, -5.817072295949928215E-15, 44.50000000000000000 ) ) ;
#1734 = VERTEX_POINT ( 'NONE', #3243 ) ;
#1735 = DIRECTION ( 'NONE',  ( -4.336808689942017736E-16, 0.000000000000000000, -1.000000000000000000 ) ) ;
#1736 = CYLINDRICAL_SURFACE ( 'NONE', #3388, 2.999999999999999112 ) ;
#1737 = PLANE ( 'NONE',  #1612 ) ;
#1738 = EDGE_CURVE ( 'NONE', #699, #2511, #674, .T. ) ;
#1739 = EDGE_LOOP ( 'NONE', ( #2839, #508, #1808, #2590, #2153, #3150, #2671, #2473, #131, #593, #2457, #3508, #32 ) ) ;
#1740 = VERTEX_POINT ( 'NONE', #2438 ) ;
#1741 = CARTESIAN_POINT ( 'NONE',  ( 23.49999999999999289, 11.92315482793935999, 16.24264068711941533 ) ) ;
#1742 = ORIENTED_EDGE ( 'NONE', *, *, #3036, .F. ) ;
#1743 = CARTESIAN_POINT ( 'NONE',  ( -19.74264068711959652, 24.00000000000000000, 7.242640687119425991 ) ) ;
#1744 = CARTESIAN_POINT ( 'NONE',  ( 9.500000000000000000, 23.00000000000000000, 4.250000000000034639 ) ) ;
#1745 = ORIENTED_EDGE ( 'NONE', *, *, #2094, .T. ) ;
#1746 = CARTESIAN_POINT ( 'NONE',  ( 11.17419621912766381, 15.19893222065307548, 28.56844446799188120 ) ) ;
#1747 = VERTEX_POINT ( 'NONE', #802 ) ;
#1748 = LINE ( 'NONE', #74, #2253 ) ;
#1749 = ORIENTED_EDGE ( 'NONE', *, *, #2069, .F. ) ;
#1750 = ORIENTED_EDGE ( 'NONE', *, *, #1149, .F. ) ;
#1751 = LINE ( 'NONE', #3459, #3067 ) ;
#1752 = ADVANCED_FACE ( 'NONE', ( #3535 ), #3263, .F. ) ;
#1753 = DIRECTION ( 'NONE',  ( -0.2568497389111231710, -0.9664513498471032360, 2.079295268808985544E-16 ) ) ;
#1754 = DIRECTION ( 'NONE',  ( -0.2568497389111223383, 0.9664513498471034580, -0.000000000000000000 ) ) ;
#1755 = EDGE_CURVE ( 'NONE', #1172, #1718, #3184, .T. ) ;
#1756 = ORIENTED_EDGE ( 'NONE', *, *, #731, .T. ) ;
#1757 = VERTEX_POINT ( 'NONE', #1858 ) ;
#1758 = CARTESIAN_POINT ( 'NONE',  ( 20.00000000000001066, 4.571428571428580945, 21.24264068711941889 ) ) ;
#1759 = EDGE_LOOP ( 'NONE', ( #2917, #268 ) ) ;
#1760 = EDGE_CURVE ( 'NONE', #220, #2115, #483, .T. ) ;
#1761 = CARTESIAN_POINT ( 'NONE',  ( -9.500000000000000000, 0.000000000000000000, -3.000000000000003997 ) ) ;
#1762 = CARTESIAN_POINT ( 'NONE',  ( -9.500000000000000000, 23.00000000000000000, 4.250000000000034639 ) ) ;
#1763 = EDGE_CURVE ( 'NONE', #1125, #2670, #2075, .T. ) ;
#1764 = PLANE ( 'NONE',  #2281 ) ;
#1765 = ORIENTED_EDGE ( 'NONE', *, *, #205, .F. ) ;
#1766 = CARTESIAN_POINT ( 'NONE',  ( -24.50000000000000000, 8.000000000000007105, 11.74264068711943310 ) ) ;
#1767 = ORIENTED_EDGE ( 'NONE', *, *, #354, .T. ) ;
#1768 = DIRECTION ( 'NONE',  ( -1.000000000000000000, -9.637352644315549637E-17, 7.709882115452439709E-16 ) ) ;
#1769 = CARTESIAN_POINT ( 'NONE',  ( 18.65026362038661034, 3.543057996485038608, 5.892904307506072747 ) ) ;
#1770 = CARTESIAN_POINT ( 'NONE',  ( 9.500000000000000000, -5.817072295949928215E-15, 44.50000000000000000 ) ) ;
#1771 = ORIENTED_EDGE ( 'NONE', *, *, #1603, .T. ) ;
#1772 = ORIENTED_EDGE ( 'NONE', *, *, #402, .F. ) ;
#1773 = ORIENTED_EDGE ( 'NONE', *, *, #3338, .T. ) ;
#1774 = VECTOR ( 'NONE', #3398, 1000.000000000000000 ) ;
#1775 = FACE_OUTER_BOUND ( 'NONE', #360, .T. ) ;
#1776 = STYLED_ITEM ( 'NONE', ( #1621 ), #1732 ) ;
#1777 = CIRCLE ( 'NONE', #212, 0.9999999999999996669 ) ;
#1778 = AXIS2_PLACEMENT_3D ( 'NONE', #1558, #2679, #2011 ) ;
#1779 = ORIENTED_EDGE ( 'NONE', *, *, #3061, .T. ) ;
#1780 = CARTESIAN_POINT ( 'NONE',  ( -9.499999999999998224, 24.00000000000000000, 0.000000000000000000 ) ) ;
#1781 = CARTESIAN_POINT ( 'NONE',  ( 9.500000000000028422, 15.00535169487283760, 41.76483792539835349 ) ) ;
#1782 = AXIS2_PLACEMENT_3D ( 'NONE', #465, #1570, #3034 ) ;
#1783 = CARTESIAN_POINT ( 'NONE',  ( -13.99999999999999112, 16.00000000000001421, 30.40779207703107900 ) ) ;
#1784 = AXIS2_PLACEMENT_3D ( 'NONE', #1303, #2431, #3547 ) ;
#1785 = VERTEX_POINT ( 'NONE', #2455 ) ;
#1786 = AXIS2_PLACEMENT_3D ( 'NONE', #905, #3139, #982 ) ;
#1787 = ORIENTED_EDGE ( 'NONE', *, *, #1920, .T. ) ;
#1788 = CARTESIAN_POINT ( 'NONE',  ( -13.99999999999999112, 1.999999999999997335, 35.24264068711941889 ) ) ;
#1789 = ORIENTED_EDGE ( 'NONE', *, *, #2628, .F. ) ;
#1790 = DIRECTION ( 'NONE',  ( 0.000000000000000000, 1.000000000000000000, 0.000000000000000000 ) ) ;
#1791 = EDGE_LOOP ( 'NONE', ( #2836, #1850, #1102, #1632 ) ) ;
#1792 = FACE_OUTER_BOUND ( 'NONE', #2968, .T. ) ;
#1793 = VECTOR ( 'NONE', #3267, 1000.000000000000000 ) ;
#1794 = DIRECTION ( 'NONE',  ( -8.095376221225113908E-16, 0.000000000000000000, 1.000000000000000000 ) ) ;
#1795 = EDGE_CURVE ( 'NONE', #3496, #467, #3010, .T. ) ;
#1796 = ADVANCED_FACE ( 'NONE', ( #784 ), #1903, .T. ) ;
#1797 = CARTESIAN_POINT ( 'NONE',  ( -12.49999999999999645, 0.000000000000000000, 0.000000000000000000 ) ) ;
#1798 = EDGE_LOOP ( 'NONE', ( #73, #3392, #2501, #3492 ) ) ;
#1799 = ORIENTED_EDGE ( 'NONE', *, *, #256, .T. ) ;
#1800 = ORIENTED_EDGE ( 'NONE', *, *, #1170, .T. ) ;
#1801 = CARTESIAN_POINT ( 'NONE',  ( 5.142037302725976922, -6.748923959827828334, 8.242640687119433096 ) ) ;
#1802 = EDGE_CURVE ( 'NONE', #2934, #2063, #3051, .T. ) ;
#1803 = ORIENTED_EDGE ( 'NONE', *, *, #481, .F. ) ;
#1804 = CARTESIAN_POINT ( 'NONE',  ( -6.930188450773525410, -5.386523085124934163, -5.827170862106926918 ) ) ;
#1805 = CARTESIAN_POINT ( 'NONE',  ( 24.50000000000001421, 3.999999999999997335, 35.74264068711940467 ) ) ;
#1806 = CARTESIAN_POINT ( 'NONE',  ( -13.99999999999999289, 16.00000000000001421, 26.31009672718661818 ) ) ;
#1807 = VERTEX_POINT ( 'NONE', #892 ) ;
#1808 = ORIENTED_EDGE ( 'NONE', *, *, #2709, .T. ) ;
#1809 = EDGE_CURVE ( 'NONE', #181, #3154, #1249, .T. ) ;
#1810 = AXIS2_PLACEMENT_3D ( 'NONE', #2833, #1715, #1384 ) ;
#1811 = ORIENTED_EDGE ( 'NONE', *, *, #3232, .F. ) ;
#1812 = DIRECTION ( 'NONE',  ( -0.000000000000000000, -0.4961389383568342581, 0.8682431421244589664 ) ) ;
#1813 = ORIENTED_EDGE ( 'NONE', *, *, #3241, .T. ) ;
#1814 = CARTESIAN_POINT ( 'NONE',  ( -14.58379356617869327, 15.84484762210254871, 7.242640687119426879 ) ) ;
#1815 = CARTESIAN_POINT ( 'NONE',  ( 11.83707858710981853, -9.658419381852588970, 14.24264068711942244 ) ) ;
#1816 = AXIS2_PLACEMENT_3D ( 'NONE', #1585, #3021, #2741 ) ;
#1817 = AXIS2_PLACEMENT_3D ( 'NONE', #874, #3315, #801 ) ;
#1818 = CARTESIAN_POINT ( 'NONE',  ( 14.62132034355966503, 24.00000000000000000, 2.121320343559611743 ) ) ;
#1819 = DIRECTION ( 'NONE',  ( 2.151659659284525201E-16, 0.8682431421244590775, 0.4961389383568339806 ) ) ;
#1820 = VERTEX_POINT ( 'NONE', #1696 ) ;
#1821 = ORIENTED_EDGE ( 'NONE', *, *, #1996, .F. ) ;
#1822 = ORIENTED_EDGE ( 'NONE', *, *, #1474, .T. ) ;
#1823 = EDGE_CURVE ( 'NONE', #2083, #968, #2510, .T. ) ;
#1824 = DIRECTION ( 'NONE',  ( -1.000000000000000000, 0.000000000000000000, 8.095376221225114894E-16 ) ) ;
#1825 = EDGE_CURVE ( 'NONE', #2198, #2950, #1679, .T. ) ;
#1826 = CARTESIAN_POINT ( 'NONE',  ( -24.49999999999998934, 0.000000000000000000, 11.74264068711943310 ) ) ;
#1827 = ORIENTED_EDGE ( 'NONE', *, *, #2383, .F. ) ;
#1828 = EDGE_LOOP ( 'NONE', ( #725, #1066, #3117, #1968 ) ) ;
#1829 = DIRECTION ( 'NONE',  ( 0.000000000000000000, 0.000000000000000000, 1.000000000000000000 ) ) ;
#1830 = DIRECTION ( 'NONE',  ( -0.9360674452095588682, -0.2487747354725244331, 0.2487747354725253490 ) ) ;
#1831 = ORIENTED_EDGE ( 'NONE', *, *, #3435, .F. ) ;
#1832 = ORIENTED_EDGE ( 'NONE', *, *, #1276, .T. ) ;
#1833 = DIRECTION ( 'NONE',  ( 2.151659659284525201E-16, 0.8682431421244590775, 0.4961389383568339806 ) ) ;
#1834 = ADVANCED_FACE ( 'NONE', ( #2827 ), #3402, .T. ) ;
#1835 = LINE ( 'NONE', #1902, #2456 ) ;
#1836 = DIRECTION ( 'NONE',  ( -0.000000000000000000, -0.4961389383568342581, 0.8682431421244589664 ) ) ;
#1837 = VERTEX_POINT ( 'NONE', #1092 ) ;
#1838 = ORIENTED_EDGE ( 'NONE', *, *, #2097, .F. ) ;
#1839 = VERTEX_POINT ( 'NONE', #857 ) ;
#1840 = DIRECTION ( 'NONE',  ( 0.2568497389111232265, -0.9664513498471033470, 2.079295268808985544E-16 ) ) ;
#1841 = CIRCLE ( 'NONE', #3480, 3.200000000000002398 ) ;
#1842 = ADVANCED_FACE ( 'NONE', ( #3 ), #311, .F. ) ;
#1843 = DIRECTION ( 'NONE',  ( -9.562931819042357507E-17, -0.4961389383568340361, 0.8682431421244591885 ) ) ;
#1844 = VECTOR ( 'NONE', #2629, 1000.000000000000000 ) ;
#1845 = LINE ( 'NONE', #1826, #208 ) ;
#1846 = VERTEX_POINT ( 'NONE', #255 ) ;
#1847 = VECTOR ( 'NONE', #1406, 1000.000000000000000 ) ;
#1848 = ORIENTED_EDGE ( 'NONE', *, *, #2709, .F. ) ;
#1849 = DIRECTION ( 'NONE',  ( -0.000000000000000000, -1.000000000000000000, -0.000000000000000000 ) ) ;
#1850 = ORIENTED_EDGE ( 'NONE', *, *, #1333, .T. ) ;
#1851 = AXIS2_PLACEMENT_3D ( 'NONE', #1584, #3296, #1343 ) ;
#1852 = CARTESIAN_POINT ( 'NONE',  ( 24.50000000000001421, 3.830178826910362044, 37.79718705290686387 ) ) ;
#1853 = VERTEX_POINT ( 'NONE', #2229 ) ;
#1854 = CARTESIAN_POINT ( 'NONE',  ( -13.99999999999999645, 16.00000000000001421, 7.030467603725113257 ) ) ;
#1855 = VECTOR ( 'NONE', #1830, 1000.000000000000227 ) ;
#1856 =( GEOMETRIC_REPRESENTATION_CONTEXT ( 3 ) GLOBAL_UNCERTAINTY_ASSIGNED_CONTEXT ( ( #217 ) ) GLOBAL_UNIT_ASSIGNED_CONTEXT ( ( #2319, #374, #342 ) ) REPRESENTATION_CONTEXT ( 'NONE', 'WORKASPACE' ) );
#1857 = CARTESIAN_POINT ( 'NONE',  ( 12.49999999999999645, 24.00000000000000000, -3.000000000000003997 ) ) ;
#1858 = CARTESIAN_POINT ( 'NONE',  ( 4.500000000000000888, 16.99227787671367906, 19.50615440287049296 ) ) ;
#1859 = CIRCLE ( 'NONE', #2727, 2.550000000000000711 ) ;
#1860 = ORIENTED_EDGE ( 'NONE', *, *, #3616, .F. ) ;
#1861 = FACE_OUTER_BOUND ( 'NONE', #127, .T. ) ;
#1862 = VERTEX_POINT ( 'NONE', #1641 ) ;
#1863 = EDGE_CURVE ( 'NONE', #1607, #459, #2758, .T. ) ;
#1864 = EDGE_CURVE ( 'NONE', #2844, #1594, #574, .T. ) ;
#1865 = DIRECTION ( 'NONE',  ( 0.000000000000000000, 1.000000000000000000, -0.000000000000000000 ) ) ;
#1866 = LINE ( 'NONE', #3544, #157 ) ;
#1867 = CARTESIAN_POINT ( 'NONE',  ( 12.49999999999998757, 22.00000000000000000, 6.711511812970133661 ) ) ;
#1868 = EDGE_LOOP ( 'NONE', ( #1848, #2386, #1614, #6 ) ) ;
#1869 = CARTESIAN_POINT ( 'NONE',  ( -9.499999999999985789, 2.999999999999999556, 20.24264068711941178 ) ) ;
#1870 = CARTESIAN_POINT ( 'NONE',  ( 9.500000000000000000, -5.817072295949928215E-15, 44.50000000000000000 ) ) ;
#1871 = FACE_OUTER_BOUND ( 'NONE', #1898, .T. ) ;
#1872 = DIRECTION ( 'NONE',  ( 0.000000000000000000, 1.000000000000000000, 0.000000000000000000 ) ) ;
#1873 = AXIS2_PLACEMENT_3D ( 'NONE', #3101, #1962, #1630 ) ;
#1874 = EDGE_CURVE ( 'NONE', #1242, #2906, #594, .T. ) ;
#1875 = ORIENTED_EDGE ( 'NONE', *, *, #2464, .F. ) ;
#1876 = VECTOR ( 'NONE', #1239, 1000.000000000000000 ) ;
#1877 = ORIENTED_EDGE ( 'NONE', *, *, #418, .F. ) ;
#1878 = DIRECTION ( 'NONE',  ( 0.000000000000000000, 0.8682431421244590775, 0.4961389383568341471 ) ) ;
#1879 = DIRECTION ( 'NONE',  ( -0.7954317200324986237, -0.6060432152628563163, 6.406465363428875823E-16 ) ) ;
#1880 = CARTESIAN_POINT ( 'NONE',  ( 6.000000000000003553, 19.50386106164317468, 15.11088382924386941 ) ) ;
#1881 = EDGE_CURVE ( 'NONE', #196, #1372, #1255, .T. ) ;
#1882 = DIRECTION ( 'NONE',  ( -8.673617379884035472E-16, 0.000000000000000000, -1.000000000000000000 ) ) ;
#1883 = EDGE_LOOP ( 'NONE', ( #403, #1056, #2957, #2521, #3247, #953, #3257 ) ) ;
#1884 = FACE_OUTER_BOUND ( 'NONE', #884, .T. ) ;
#1885 = EDGE_LOOP ( 'NONE', ( #1831, #2170, #1811, #2883, #3211, #2865 ) ) ;
#1886 = LINE ( 'NONE', #176, #3129 ) ;
#1887 = ADVANCED_FACE ( 'NONE', ( #59 ), #2775, .F. ) ;
#1888 = LINE ( 'NONE', #3001, #120 ) ;
#1889 = FILL_AREA_STYLE_COLOUR ( '', #87 ) ;
#1890 = EDGE_LOOP ( 'NONE', ( #1658, #1090, #759, #469 ) ) ;
#1891 = ORIENTED_EDGE ( 'NONE', *, *, #3338, .F. ) ;
#1892 = DIRECTION ( 'NONE',  ( -1.000000000000000000, -0.000000000000000000, 4.336808689942017736E-16 ) ) ;
#1893 = DIRECTION ( 'NONE',  ( 0.000000000000000000, 1.000000000000000000, 0.000000000000000000 ) ) ;
#1894 = CARTESIAN_POINT ( 'NONE',  ( -11.90258380183474785, 15.00535169487283760, 9.242640687119434872 ) ) ;
#1895 = EDGE_LOOP ( 'NONE', ( #1985, #918, #2851, #1269, #717, #3580 ) ) ;
#1896 = FACE_OUTER_BOUND ( 'NONE', #1895, .T. ) ;
#1897 = DIRECTION ( 'NONE',  ( 0.000000000000000000, 0.4961389383568342581, -0.8682431421244589664 ) ) ;
#1898 = EDGE_LOOP ( 'NONE', ( #703, #3264, #1616, #1588 ) ) ;
#1899 = VECTOR ( 'NONE', #3236, 1000.000000000000114 ) ;
#1900 = PLANE ( 'NONE',  #2772 ) ;
#1901 = AXIS2_PLACEMENT_3D ( 'NONE', #1501, #66, #2854 ) ;
#1902 = CARTESIAN_POINT ( 'NONE',  ( 24.50000000000001421, -2.602085213965209853E-15, 36.24264068711940467 ) ) ;
#1903 = PLANE ( 'NONE',  #1778 ) ;
#1904 = VECTOR ( 'NONE', #1352, 1000.000000000000000 ) ;
#1905 = ORIENTED_EDGE ( 'NONE', *, *, #836, .T. ) ;
#1906 = EDGE_CURVE ( 'NONE', #2080, #367, #2793, .T. ) ;
#1907 = DIRECTION ( 'NONE',  ( -0.000000000000000000, -1.000000000000000000, 0.000000000000000000 ) ) ;
#1908 = LINE ( 'NONE', #822, #2549 ) ;
#1909 = CARTESIAN_POINT ( 'NONE',  ( -23.49999999999999289, 11.92315482793935999, 16.24264068711937270 ) ) ;
#1910 = EDGE_CURVE ( 'NONE', #1820, #2449, #1148, .T. ) ;
#1911 = ORIENTED_EDGE ( 'NONE', *, *, #3290, .T. ) ;
#1912 = ORIENTED_EDGE ( 'NONE', *, *, #2219, .T. ) ;
#1913 = CARTESIAN_POINT ( 'NONE',  ( 4.499999999999995559, -7.001845695885206666, 9.250479967799074998 ) ) ;
#1914 = DIRECTION ( 'NONE',  ( 0.000000000000000000, 0.000000000000000000, 1.000000000000000000 ) ) ;
#1915 = FACE_OUTER_BOUND ( 'NONE', #1828, .T. ) ;
#1916 = CARTESIAN_POINT ( 'NONE',  ( -13.99999999999999645, 0.000000000000000000, 7.030467603725113257 ) ) ;
#1917 = ORIENTED_EDGE ( 'NONE', *, *, #2373, .F. ) ;
#1918 = DIRECTION ( 'NONE',  ( 0.000000000000000000, 0.4961389383568334810, -0.8682431421244595215 ) ) ;
#1919 = ORIENTED_EDGE ( 'NONE', *, *, #1969, .T. ) ;
#1920 = EDGE_CURVE ( 'NONE', #2753, #3230, #2248, .T. ) ;
#1921 = VECTOR ( 'NONE', #539, 1000.000000000000000 ) ;
#1922 = CARTESIAN_POINT ( 'NONE',  ( -11.90258380183477271, 15.00535169487283760, 41.76483792539832507 ) ) ;
#1923 = LINE ( 'NONE', #3027, #914 ) ;
#1924 = DIRECTION ( 'NONE',  ( 2.891205793294677340E-16, -0.4961389383568342581, 0.8682431421244589664 ) ) ;
#1925 = CIRCLE ( 'NONE', #3094, 2.999999999999999112 ) ;
#1926 = ADVANCED_FACE ( 'NONE', ( #1995 ), #3090, .T. ) ;
#1927 = LINE ( 'NONE', #1649, #2598 ) ;
#1928 = FACE_OUTER_BOUND ( 'NONE', #2663, .T. ) ;
#1929 = VERTEX_POINT ( 'NONE', #41 ) ;
#1930 = EDGE_CURVE ( 'NONE', #1502, #2529, #1436, .T. ) ;
#1931 = DIRECTION ( 'NONE',  ( 0.000000000000000000, 1.000000000000000000, 0.000000000000000000 ) ) ;
#1932 = CARTESIAN_POINT ( 'NONE',  ( -12.49999999999999645, 24.00000000000000000, 2.550000000000000711 ) ) ;
#1933 = CARTESIAN_POINT ( 'NONE',  ( -5.999999999999996447, 20.00000000000001066, 14.24264068711941356 ) ) ;
#1934 = LINE ( 'NONE', #1069, #1575 ) ;
#1935 = CARTESIAN_POINT ( 'NONE',  ( -13.99999999999999645, 3.000000000000000000, 8.242640687119424214 ) ) ;
#1936 = EDGE_CURVE ( 'NONE', #649, #1104, #2575, .T. ) ;
#1937 = CARTESIAN_POINT ( 'NONE',  ( -13.99999999999999645, 2.093993030670801343E-30, 8.242640687119424214 ) ) ;
#1938 = CARTESIAN_POINT ( 'NONE',  ( -12.99999999999999822, 0.4961389383568437506, 48.37439754499493461 ) ) ;
#1939 = CARTESIAN_POINT ( 'NONE',  ( -12.49999999999999645, 24.00000000000000000, 0.000000000000000000 ) ) ;
#1940 = PLANE ( 'NONE',  #1543 ) ;
#1941 = FACE_OUTER_BOUND ( 'NONE', #304, .T. ) ;
#1942 = EDGE_LOOP ( 'NONE', ( #896, #3144, #778, #2010 ) ) ;
#1943 = ORIENTED_EDGE ( 'NONE', *, *, #1563, .F. ) ;
#1944 = EDGE_CURVE ( 'NONE', #2919, #2, #1528, .T. ) ;
#1945 = CARTESIAN_POINT ( 'NONE',  ( 9.500000000000000000, 0.000000000000000000, 35.24264068711941178 ) ) ;
#1946 = LINE ( 'NONE', #1393, #2129 ) ;
#1947 = DIRECTION ( 'NONE',  ( 0.000000000000000000, 0.4961389383568340361, -0.8682431421244591885 ) ) ;
#1948 = CARTESIAN_POINT ( 'NONE',  ( -12.99999999999999645, 5.705597791103598659, 51.35123117513594337 ) ) ;
#1949 = VECTOR ( 'NONE', #2788, 1000.000000000000227 ) ;
#1950 = DIRECTION ( 'NONE',  ( 2.151659659284525201E-16, 0.8682431421244590775, 0.4961389383568339806 ) ) ;
#1951 = CIRCLE ( 'NONE', #3361, 3.050000000000005596 ) ;
#1952 = ORIENTED_EDGE ( 'NONE', *, *, #2611, .F. ) ;
#1953 = PLANE ( 'NONE',  #472 ) ;
#1954 = VECTOR ( 'NONE', #3581, 1000.000000000000000 ) ;
#1955 = CARTESIAN_POINT ( 'NONE',  ( 24.50000000000001421, 3.999999999999997335, 35.74264068711940467 ) ) ;
#1956 = AXIS2_PLACEMENT_3D ( 'NONE', #732, #1849, #827 ) ;
#1957 = EDGE_CURVE ( 'NONE', #3317, #2047, #1647, .T. ) ;
#1958 = CIRCLE ( 'NONE', #2259, 0.9999999999999996669 ) ;
#1959 = EDGE_CURVE ( 'NONE', #79, #1372, #152, .T. ) ;
#1960 = DIRECTION ( 'NONE',  ( -1.000000000000000000, -0.000000000000000000, 4.336808689942017736E-16 ) ) ;
#1961 = AXIS2_PLACEMENT_3D ( 'NONE', #1495, #449, #2939 ) ;
#1962 = DIRECTION ( 'NONE',  ( -5.695089833395438819E-16, 0.7071067811865423547, -0.7071067811865526798 ) ) ;
#1963 = ORIENTED_EDGE ( 'NONE', *, *, #418, .T. ) ;
#1964 = ORIENTED_EDGE ( 'NONE', *, *, #1982, .T. ) ;
#1965 = LINE ( 'NONE', #3615, #1904 ) ;
#1966 = FACE_OUTER_BOUND ( 'NONE', #1319, .T. ) ;
#1967 = CARTESIAN_POINT ( 'NONE',  ( 5.142360494555952675E-15, 19.54466092213659678, 10.29684338626098317 ) ) ;
#1968 = ORIENTED_EDGE ( 'NONE', *, *, #2896, .F. ) ;
#1969 = EDGE_CURVE ( 'NONE', #453, #3136, #3201, .T. ) ;
#1970 = CARTESIAN_POINT ( 'NONE',  ( 14.00000000000001243, 3.000000000000000000, 20.24264068711942954 ) ) ;
#1971 = VERTEX_POINT ( 'NONE', #2847 ) ;
#1972 = DIRECTION ( 'NONE',  ( 7.359225090432030097E-16, -0.7071067811865493491, 0.7071067811865456854 ) ) ;
#1973 = ORIENTED_EDGE ( 'NONE', *, *, #435, .F. ) ;
#1974 = CARTESIAN_POINT ( 'NONE',  ( 14.00000000000000888, 24.00000000000000000, 36.24264068711941178 ) ) ;
#1975 = EDGE_CURVE ( 'NONE', #3497, #1383, #1361, .T. ) ;
#1976 = DIRECTION ( 'NONE',  ( 3.219181798347181542E-16, 0.000000000000000000, -1.000000000000000000 ) ) ;
#1977 = CIRCLE ( 'NONE', #2448, 3.200000000000002398 ) ;
#1978 = CARTESIAN_POINT ( 'NONE',  ( -5.142037302725976033, -6.748923959827828334, 7.242640687119433984 ) ) ;
#1979 = LINE ( 'NONE', #3376, #3274 ) ;
#1980 = CARTESIAN_POINT ( 'NONE',  ( 12.49999999999999645, 0.000000000000000000, -4.592425496802572789E-15 ) ) ;
#1981 = VERTEX_POINT ( 'NONE', #1766 ) ;
#1982 = EDGE_CURVE ( 'NONE', #3154, #181, #2134, .T. ) ;
#1983 =( BOUNDED_CURVE ( )  B_SPLINE_CURVE ( 3, ( #1731, #2356, #1806, #1783 ),
 .UNSPECIFIED., .F., .T. ) 
 B_SPLINE_CURVE_WITH_KNOTS ( ( 4, 4 ),
 ( 1.982313172862385731, 3.141592653589792672 ),
 .UNSPECIFIED. ) 
 CURVE ( )  GEOMETRIC_REPRESENTATION_ITEM ( )  RATIONAL_B_SPLINE_CURVE ( ( 1.000000000000000000, 0.8911066843560506712, 0.8911066843560506712, 1.000000000000000000 ) ) 
 REPRESENTATION_ITEM ( '' )  );
#1984 = CARTESIAN_POINT ( 'NONE',  ( 24.50000000000000355, 13.20945885274676179, 16.74264068711941889 ) ) ;
#1985 = ORIENTED_EDGE ( 'NONE', *, *, #1580, .F. ) ;
#1986 = VECTOR ( 'NONE', #57, 1000.000000000000000 ) ;
#1987 = DIRECTION ( 'NONE',  ( -0.000000000000000000, 1.224646799147353454E-16, -1.000000000000000000 ) ) ;
#1988 = FACE_OUTER_BOUND ( 'NONE', #1798, .T. ) ;
#1989 = DIRECTION ( 'NONE',  ( 0.000000000000000000, 0.000000000000000000, 1.000000000000000000 ) ) ;
#1990 = EDGE_CURVE ( 'NONE', #3382, #786, #254, .T. ) ;
#1991 = EDGE_CURVE ( 'NONE', #2459, #1837, #1748, .T. ) ;
#1992 = ORIENTED_EDGE ( 'NONE', *, *, #3098, .F. ) ;
#1993 = CARTESIAN_POINT ( 'NONE',  ( 9.500000000000000000, -5.817072295949928215E-15, 44.50000000000000000 ) ) ;
#1994 = ORIENTED_EDGE ( 'NONE', *, *, #2621, .T. ) ;
#1995 = FACE_OUTER_BOUND ( 'NONE', #2707, .T. ) ;
#1996 = EDGE_CURVE ( 'NONE', #615, #1971, #3437, .T. ) ;
#1997 = LINE ( 'NONE', #3038, #1876 ) ;
#1998 = CARTESIAN_POINT ( 'NONE',  ( -11.90258380183475495, 15.00535169487283760, 19.24264068711940112 ) ) ;
#1999 = ORIENTED_EDGE ( 'NONE', *, *, #3164, .F. ) ;
#2000 = DIRECTION ( 'NONE',  ( 2.151659659284525201E-16, 0.8682431421244591885, 0.4961389383568340361 ) ) ;
#2001 = CARTESIAN_POINT ( 'NONE',  ( 0.000000000000000000, 24.00000000000000000, 1.000000000000003331 ) ) ;
#2002 = ORIENTED_EDGE ( 'NONE', *, *, #2814, .T. ) ;
#2003 = ORIENTED_EDGE ( 'NONE', *, *, #1106, .T. ) ;
#2004 = PLANE ( 'NONE',  #974 ) ;
#2005 = PLANE ( 'NONE',  #1129 ) ;
#2006 = CARTESIAN_POINT ( 'NONE',  ( -4.499999999999982236, -5.513428880814703170, 6.645750541425696767 ) ) ;
#2007 = EDGE_CURVE ( 'NONE', #2635, #3190, #327, .T. ) ;
#2008 = ORIENTED_EDGE ( 'NONE', *, *, #2751, .F. ) ;
#2009 = CARTESIAN_POINT ( 'NONE',  ( -9.500000000000000000, -5.817072295949928215E-15, 44.50000000000000000 ) ) ;
#2010 = ORIENTED_EDGE ( 'NONE', *, *, #665, .T. ) ;
#2011 = DIRECTION ( 'NONE',  ( -1.000000000000000000, 0.000000000000000000, 4.336808689942017736E-16 ) ) ;
#2012 = VECTOR ( 'NONE', #2427, 1000.000000000000000 ) ;
#2013 = AXIS2_PLACEMENT_3D ( 'NONE', #1223, #1240, #1205 ) ;
#2014 = PLANE ( 'NONE',  #3279 ) ;
#2015 = DIRECTION ( 'NONE',  ( -1.000000000000000000, 0.000000000000000000, -8.095376221225113908E-16 ) ) ;
#2016 = CIRCLE ( 'NONE', #2429, 2.550000000000000711 ) ;
#2017 = VERTEX_POINT ( 'NONE', #2301 ) ;
#2018 = VECTOR ( 'NONE', #20, 1000.000000000000000 ) ;
#2019 = LINE ( 'NONE', #667, #3248 ) ;
#2020 = AXIS2_PLACEMENT_3D ( 'NONE', #854, #1145, #3047 ) ;
#2021 = ORIENTED_EDGE ( 'NONE', *, *, #21, .F. ) ;
#2022 = FACE_OUTER_BOUND ( 'NONE', #161, .T. ) ;
#2023 = ADVANCED_FACE ( 'NONE', ( #382 ), #2341, .F. ) ;
#2024 = DIRECTION ( 'NONE',  ( -4.956352788505163268E-16, 0.000000000000000000, -1.000000000000000000 ) ) ;
#2025 = AXIS2_PLACEMENT_3D ( 'NONE', #3173, #3137, #670 ) ;
#2026 = SHAPE_DEFINITION_REPRESENTATION ( #1134, #516 ) ;
#2027 = EDGE_LOOP ( 'NONE', ( #460, #2002, #3322, #3408 ) ) ;
#2028 = CARTESIAN_POINT ( 'NONE',  ( -12.99999999999999645, 5.705597791103598659, 51.35123117513594337 ) ) ;
#2029 = DIRECTION ( 'NONE',  ( -0.000000000000000000, -0.000000000000000000, 1.000000000000000000 ) ) ;
#2030 = EDGE_LOOP ( 'NONE', ( #2792, #789, #2735, #2579 ) ) ;
#2031 = EDGE_LOOP ( 'NONE', ( #1551, #2111, #491, #1999 ) ) ;
#2032 = CARTESIAN_POINT ( 'NONE',  ( 24.50000000000000355, 13.20945885274676179, 11.74264068711942599 ) ) ;
#2033 = CARTESIAN_POINT ( 'NONE',  ( 14.89647917781742414, 15.76174647301379572, 7.242640687119425991 ) ) ;
#2034 = ORIENTED_EDGE ( 'NONE', *, *, #3048, .F. ) ;
#2035 = ADVANCED_FACE ( 'NONE', ( #406 ), #1488, .F. ) ;
#2036 = ORIENTED_EDGE ( 'NONE', *, *, #2896, .T. ) ;
#2037 = DIRECTION ( 'NONE',  ( 0.000000000000000000, -0.4961389383568334810, 0.8682431421244595215 ) ) ;
#2038 = ADVANCED_FACE ( 'NONE', ( #2634 ), #2387, .F. ) ;
#2039 = CARTESIAN_POINT ( 'NONE',  ( 9.500000000000000000, 0.000000000000000000, -3.000000000000003997 ) ) ;
#2040 = VECTOR ( 'NONE', #2812, 1000.000000000000000 ) ;
#2041 = PLANE ( 'NONE',  #86 ) ;
#2042 = APPLICATION_CONTEXT ( 'automotive_design' ) ;
#2043 = AXIS2_PLACEMENT_3D ( 'NONE', #3108, #2809, #3069 ) ;
#2044 = DIRECTION ( 'NONE',  ( -2.151659659284524954E-16, -0.8682431421244590775, -0.4961389383568339806 ) ) ;
#2045 = DIRECTION ( 'NONE',  ( 0.000000000000000000, -0.4961389383568334810, 0.8682431421244595215 ) ) ;
#2046 = VERTEX_POINT ( 'NONE', #2863 ) ;
#2047 = VERTEX_POINT ( 'NONE', #424 ) ;
#2048 = CARTESIAN_POINT ( 'NONE',  ( 9.500000000000015987, 2.999999999999999112, 20.24264068711942599 ) ) ;
#2049 = PLANE ( 'NONE',  #1688 ) ;
#2050 = CARTESIAN_POINT ( 'NONE',  ( 13.99999999999999645, 16.00000000000001421, 7.030467603725113257 ) ) ;
#2051 = ORIENTED_EDGE ( 'NONE', *, *, #2338, .T. ) ;
#2052 = ORIENTED_EDGE ( 'NONE', *, *, #1442, .F. ) ;
#2053 = ORIENTED_EDGE ( 'NONE', *, *, #170, .T. ) ;
#2054 = ORIENTED_EDGE ( 'NONE', *, *, #2596, .F. ) ;
#2055 = DIRECTION ( 'NONE',  ( 0.000000000000000000, 0.000000000000000000, 1.000000000000000000 ) ) ;
#2056 = ORIENTED_EDGE ( 'NONE', *, *, #1282, .F. ) ;
#2057 = CARTESIAN_POINT ( 'NONE',  ( -4.499999999999976019, 15.50386106164317646, 22.11088382924386764 ) ) ;
#2058 = PLANE ( 'NONE',  #3183 ) ;
#2059 = ORIENTED_EDGE ( 'NONE', *, *, #37, .F. ) ;
#2060 = EDGE_CURVE ( 'NONE', #3463, #2512, #136, .T. ) ;
#2061 = ORIENTED_EDGE ( 'NONE', *, *, #314, .T. ) ;
#2062 = DIRECTION ( 'NONE',  ( 0.000000000000000000, -1.000000000000000000, 0.000000000000000000 ) ) ;
#2063 = VERTEX_POINT ( 'NONE', #1236 ) ;
#2064 = DIRECTION ( 'NONE',  ( -0.9360674452095593123, 0.2487747354725245441, -0.2487747354725240168 ) ) ;
#2065 = ORIENTED_EDGE ( 'NONE', *, *, #1653, .F. ) ;
#2066 = CARTESIAN_POINT ( 'NONE',  ( -23.49999999999998934, 11.92315482793935999, 12.24264068711943310 ) ) ;
#2067 = CARTESIAN_POINT ( 'NONE',  ( 6.999999999999997335, 23.00000000000000000, 0.5000000000000003331 ) ) ;
#2068 = CARTESIAN_POINT ( 'NONE',  ( 13.04773088529816150, 24.00000000000000000, 4.479666407797287420 ) ) ;
#2069 = EDGE_CURVE ( 'NONE', #2979, #3498, #2589, .T. ) ;
#2070 = VERTEX_POINT ( 'NONE', #1004 ) ;
#2071 = ORIENTED_EDGE ( 'NONE', *, *, #239, .F. ) ;
#2072 = ORIENTED_EDGE ( 'NONE', *, *, #455, .F. ) ;
#2073 = AXIS2_PLACEMENT_3D ( 'NONE', #3617, #3312, #870 ) ;
#2074 = FACE_OUTER_BOUND ( 'NONE', #945, .T. ) ;
#2075 = CIRCLE ( 'NONE', #497, 2.061552812808828516 ) ;
#2076 = CIRCLE ( 'NONE', #1601, 2.550000000000000711 ) ;
#2077 = LINE ( 'NONE', #3302, #2495 ) ;
#2078 = CARTESIAN_POINT ( 'NONE',  ( 19.99999999999996447, 0.000000000000000000, 7.242640687119420662 ) ) ;
#2079 = VECTOR ( 'NONE', #1768, 1000.000000000000000 ) ;
#2080 = VERTEX_POINT ( 'NONE', #1869 ) ;
#2081 = ORIENTED_EDGE ( 'NONE', *, *, #528, .T. ) ;
#2082 = CARTESIAN_POINT ( 'NONE',  ( -13.99999999999998934, 1.999999999999997335, 36.24264068711941889 ) ) ;
#2083 = VERTEX_POINT ( 'NONE', #236 ) ;
#2084 = CARTESIAN_POINT ( 'NONE',  ( 28.02699154640697543, 10.72003519141399508, 23.52795719057825963 ) ) ;
#2085 = ORIENTED_EDGE ( 'NONE', *, *, #3297, .F. ) ;
#2086 = FACE_OUTER_BOUND ( 'NONE', #760, .T. ) ;
#2087 = VECTOR ( 'NONE', #1314, 1000.000000000000114 ) ;
#2088 = EDGE_CURVE ( 'NONE', #538, #153, #3223, .T. ) ;
#2089 = FACE_OUTER_BOUND ( 'NONE', #3428, .T. ) ;
#2090 = FACE_OUTER_BOUND ( 'NONE', #1883, .T. ) ;
#2091 = ORIENTED_EDGE ( 'NONE', *, *, #690, .T. ) ;
#2092 = DIRECTION ( 'NONE',  ( 0.000000000000000000, 0.000000000000000000, -1.000000000000000000 ) ) ;
#2093 = ORIENTED_EDGE ( 'NONE', *, *, #1301, .T. ) ;
#2094 = EDGE_CURVE ( 'NONE', #858, #2670, #2690, .T. ) ;
#2095 = CARTESIAN_POINT ( 'NONE',  ( -6.000000000000001776, -3.001845695885203558, 2.250479967799077663 ) ) ;
#2096 = DIRECTION ( 'NONE',  ( 0.000000000000000000, 0.000000000000000000, -1.000000000000000000 ) ) ;
#2097 = EDGE_CURVE ( 'NONE', #511, #804, #1550, .T. ) ;
#2098 = EDGE_LOOP ( 'NONE', ( #71, #292, #3470, #405 ) ) ;
#2099 = VECTOR ( 'NONE', #2808, 1000.000000000000000 ) ;
#2100 = DIRECTION ( 'NONE',  ( 0.000000000000000000, 0.4961389383568334810, -0.8682431421244595215 ) ) ;
#2101 = LINE ( 'NONE', #3579, #1189 ) ;
#2102 = ORIENTED_EDGE ( 'NONE', *, *, #2007, .T. ) ;
#2103 = FACE_OUTER_BOUND ( 'NONE', #2860, .T. ) ;
#2104 = CARTESIAN_POINT ( 'NONE',  ( 14.00000000000000178, 16.00000000000001066, 26.31009672718661463 ) ) ;
#2105 = AXIS2_PLACEMENT_3D ( 'NONE', #3298, #2142, #992 ) ;
#2106 = VECTOR ( 'NONE', #2879, 1000.000000000000000 ) ;
#2107 = DIRECTION ( 'NONE',  ( -0.000000000000000000, -1.000000000000000000, -0.000000000000000000 ) ) ;
#2108 = DIRECTION ( 'NONE',  ( 0.000000000000000000, -0.4961389383568342026, 0.8682431421244590775 ) ) ;
#2109 = EDGE_CURVE ( 'NONE', #538, #75, #2101, .T. ) ;
#2110 = ORIENTED_EDGE ( 'NONE', *, *, #3022, .F. ) ;
#2111 = ORIENTED_EDGE ( 'NONE', *, *, #3103, .T. ) ;
#2112 = VERTEX_POINT ( 'NONE', #3239 ) ;
#2113 = DIRECTION ( 'NONE',  ( 0.000000000000000000, -0.4961389383568340916, 0.8682431421244591885 ) ) ;
#2114 = PLANE ( 'NONE',  #1018 ) ;
#2115 = VERTEX_POINT ( 'NONE', #1342 ) ;
#2116 = ORIENTED_EDGE ( 'NONE', *, *, #3026, .T. ) ;
#2117 = EDGE_LOOP ( 'NONE', ( #1396, #2774, #1497, #3246 ) ) ;
#2118 = DIRECTION ( 'NONE',  ( -0.7954317200324986237, -0.6060432152628563163, -6.439319031959281068E-16 ) ) ;
#2119 = ORIENTED_EDGE ( 'NONE', *, *, #276, .F. ) ;
#2120 = CARTESIAN_POINT ( 'NONE',  ( -12.99999999999999822, 15.50386106164317823, 22.11088382924386764 ) ) ;
#2121 = LINE ( 'NONE', #1870, #904 ) ;
#2122 = ADVANCED_FACE ( 'NONE', ( #1884 ), #463, .T. ) ;
#2123 = DIRECTION ( 'NONE',  ( 1.000000000000000000, -9.637352644315550869E-17, 0.000000000000000000 ) ) ;
#2124 = ORIENTED_EDGE ( 'NONE', *, *, #3017, .F. ) ;
#2125 =( BOUNDED_CURVE ( )  B_SPLINE_CURVE ( 3, ( #1521, #1041, #2648, #145 ),
 .UNSPECIFIED., .F., .F. ) 
 B_SPLINE_CURVE_WITH_KNOTS ( ( 4, 4 ),
 ( 0.000000000000000000, 1.159279480727408274 ),
 .UNSPECIFIED. ) 
 CURVE ( )  GEOMETRIC_REPRESENTATION_ITEM ( )  RATIONAL_B_SPLINE_CURVE ( ( 1.000000000000000000, 0.8911066843560503381, 0.8911066843560503381, 1.000000000000000000 ) ) 
 REPRESENTATION_ITEM ( '' )  );
#2126 = DIRECTION ( 'NONE',  ( -1.000000000000000000, -2.465190328815661892E-32, 4.138418559975751074E-16 ) ) ;
#2127 = ORIENTED_EDGE ( 'NONE', *, *, #1000, .F. ) ;
#2128 = LINE ( 'NONE', #1801, #2962 ) ;
#2129 = VECTOR ( 'NONE', #3063, 1000.000000000000000 ) ;
#2130 = VECTOR ( 'NONE', #3585, 1000.000000000000000 ) ;
#2131 = FACE_OUTER_BOUND ( 'NONE', #2098, .T. ) ;
#2132 = ORIENTED_EDGE ( 'NONE', *, *, #2843, .F. ) ;
#2133 = VECTOR ( 'NONE', #264, 1000.000000000000114 ) ;
#2134 = CIRCLE ( 'NONE', #2892, 2.550000000000000711 ) ;
#2135 = FACE_BOUND ( 'NONE', #1289, .T. ) ;
#2136 = ORIENTED_EDGE ( 'NONE', *, *, #2464, .T. ) ;
#2137 = VECTOR ( 'NONE', #2244, 1000.000000000000000 ) ;
#2138 = CARTESIAN_POINT ( 'NONE',  ( 23.50000000000002842, 11.92315482793935111, 20.24264068711943665 ) ) ;
#2139 = AXIS2_PLACEMENT_3D ( 'NONE', #1251, #718, #1829 ) ;
#2140 = DIRECTION ( 'NONE',  ( 1.000000000000000000, 0.000000000000000000, 8.095376221225113908E-16 ) ) ;
#2141 = ADVANCED_FACE ( 'NONE', ( #190 ), #3531, .F. ) ;
#2142 = DIRECTION ( 'NONE',  ( -1.000000000000000000, -0.000000000000000000, 0.000000000000000000 ) ) ;
#2143 = CARTESIAN_POINT ( 'NONE',  ( -6.999999999999997335, 24.00000000000000000, 0.000000000000000000 ) ) ;
#2144 = VECTOR ( 'NONE', #1385, 1000.000000000000000 ) ;
#2145 = ORIENTED_EDGE ( 'NONE', *, *, #1170, .F. ) ;
#2146 = VERTEX_POINT ( 'NONE', #1017 ) ;
#2147 = DIRECTION ( 'NONE',  ( -2.312139710220244630E-16, 1.000000000000000000, -1.871764083026729393E-31 ) ) ;
#2148 = DIRECTION ( 'NONE',  ( -1.000000000000000000, 0.000000000000000000, -8.054073281320901773E-16 ) ) ;
#2149 =( BOUNDED_CURVE ( )  B_SPLINE_CURVE ( 3, ( #43, #1716, #3372, #2563 ),
 .UNSPECIFIED., .F., .T. ) 
 B_SPLINE_CURVE_WITH_KNOTS ( ( 4, 4 ),
 ( 4.712388980384689674, 5.177184014286435598 ),
 .UNSPECIFIED. ) 
 CURVE ( )  GEOMETRIC_REPRESENTATION_ITEM ( )  RATIONAL_B_SPLINE_CURVE ( ( 1.000000000000000000, 0.9820780114622810197, 0.9820780114622810197, 1.000000000000000000 ) ) 
 REPRESENTATION_ITEM ( '' )  );
#2150 = EDGE_CURVE ( 'NONE', #2919, #1853, #173, .T. ) ;
#2151 = CARTESIAN_POINT ( 'NONE',  ( -13.99999999999999467, 5.209458852746765345, 52.21947431726040634 ) ) ;
#2152 = EDGE_CURVE ( 'NONE', #1463, #1111, #1034, .T. ) ;
#2153 = ORIENTED_EDGE ( 'NONE', *, *, #1334, .T. ) ;
#2154 = FACE_OUTER_BOUND ( 'NONE', #2423, .T. ) ;
#2155 = VERTEX_POINT ( 'NONE', #2466 ) ;
#2156 = CLOSED_SHELL ( 'NONE', ( #3558, #2444, #3122, #1098, #630, #1595, #1307, #286, #895, #389, #470, #3318, #1842, #1496, #3551, #3370, #3275, #1637, #318, #2122, #2453, #933, #475, #683, #655, #2715, #3235, #879, #1112, #537, #3266, #2838, #2141, #1008, #82, #920, #1182, #3419, #1699, #2534, #67, #2850, #2992, #899, #2038, #2279, #1210, #3483, #1926, #2948, #1669, #1456, #1433, #611, #500, #47, #948, #45, #3574, #705, #2196, #1887, #3588, #2829, #1250, #1752, #339, #1439, #2023, #3444, #2701, #2916, #2035, #2266, #1834, #2913, #885, #2308, #993, #2980, #1139, #3525, #415, #2355, #3309, #1174, #2783, #793, #2445, #1796, #3350, #125, #2572, #3149, #851, #544, #156, #2530, #3116, #3606, #617, #956, #3112, #2347, #1477, #2231, #126 ) ) ;
#2157 = CARTESIAN_POINT ( 'NONE',  ( -3.205502103070426739E-16, -2.505706757528373352, 1.382236825674619141 ) ) ;
#2158 = CARTESIAN_POINT ( 'NONE',  ( 4.500000000000000888, 13.46087738103789277, 20.94346458318370807 ) ) ;
#2159 = VECTOR ( 'NONE', #2240, 1000.000000000000000 ) ;
#2160 = DIRECTION ( 'NONE',  ( -0.9664513498471035691, -0.2568497389111221163, 0.000000000000000000 ) ) ;
#2161 = CARTESIAN_POINT ( 'NONE',  ( 4.499999999999995559, 17.24034734589208995, 23.10316170595753249 ) ) ;
#2162 = ORIENTED_EDGE ( 'NONE', *, *, #1060, .T. ) ;
#2163 = VECTOR ( 'NONE', #2062, 1000.000000000000000 ) ;
#2164 = EDGE_LOOP ( 'NONE', ( #1537, #1072 ) ) ;
#2165 = PLANE ( 'NONE',  #1082 ) ;
#2166 = CARTESIAN_POINT ( 'NONE',  ( 6.000000000000003553, 20.49613893835684308, 13.37439754499495592 ) ) ;
#2167 = DIRECTION ( 'NONE',  ( -1.000000000000000000, -0.000000000000000000, 4.336808689942017736E-16 ) ) ;
#2168 = VERTEX_POINT ( 'NONE', #2171 ) ;
#2169 = FACE_BOUND ( 'NONE', #2406, .T. ) ;
#2170 = ORIENTED_EDGE ( 'NONE', *, *, #2203, .F. ) ;
#2171 = CARTESIAN_POINT ( 'NONE',  ( -4.499999999999976907, 16.99227787671367906, 19.50615440287049296 ) ) ;
#2172 = DIRECTION ( 'NONE',  ( -8.095376221225113908E-16, 0.000000000000000000, -1.000000000000000000 ) ) ;
#2173 = EDGE_CURVE ( 'NONE', #1530, #842, #719, .T. ) ;
#2174 = EDGE_CURVE ( 'NONE', #3141, #742, #2433, .T. ) ;
#2175 = DIRECTION ( 'NONE',  ( -0.000000000000000000, -0.000000000000000000, 1.000000000000000000 ) ) ;
#2176 = DIRECTION ( 'NONE',  ( 0.000000000000000000, 0.8682431421244590775, 0.4961389383568343137 ) ) ;
#2177 = ORIENTED_EDGE ( 'NONE', *, *, #499, .T. ) ;
#2178 = EDGE_LOOP ( 'NONE', ( #2698, #3415, #983, #2952 ) ) ;
#2179 = EDGE_CURVE ( 'NONE', #1391, #1500, #1272, .T. ) ;
#2180 = DIRECTION ( 'NONE',  ( 0.000000000000000000, -0.4961389383568339251, 0.8682431421244591885 ) ) ;
#2181 = CARTESIAN_POINT ( 'NONE',  ( 24.50000000000001421, 3.999999999999997335, 35.74264068711940467 ) ) ;
#2182 = CARTESIAN_POINT ( 'NONE',  ( -12.49999999999998757, 16.00000000000001421, 7.242640687119426879 ) ) ;
#2183 = EDGE_CURVE ( 'NONE', #1247, #432, #3294, .T. ) ;
#2184 = UNCERTAINTY_MEASURE_WITH_UNIT (LENGTH_MEASURE( 1.000000000000000082E-05 ), #1573, 'distance_accuracy_value', 'NONE');
#2185 = VECTOR ( 'NONE', #2262, 1000.000000000000000 ) ;
#2186 = DIRECTION ( 'NONE',  ( 8.673617379884035472E-16, 0.000000000000000000, 1.000000000000000000 ) ) ;
#2187 = EDGE_LOOP ( 'NONE', ( #1943, #532, #1567, #1728 ) ) ;
#2188 = CARTESIAN_POINT ( 'NONE',  ( 11.83707858710981853, -9.658419381852588970, 14.24264068711942244 ) ) ;
#2189 = CARTESIAN_POINT ( 'NONE',  ( 4.500000000000001776, 17.24034734589208639, 23.10316170595752538 ) ) ;
#2190 = AXIS2_PLACEMENT_3D ( 'NONE', #1805, #341, #1461 ) ;
#2191 = LINE ( 'NONE', #2435, #3250 ) ;
#2192 = VECTOR ( 'NONE', #2211, 1000.000000000000000 ) ;
#2193 = AXIS2_PLACEMENT_3D ( 'NONE', #2001, #3465, #81 ) ;
#2194 = DIRECTION ( 'NONE',  ( 0.000000000000000000, 1.000000000000000000, 0.000000000000000000 ) ) ;
#2195 = LINE ( 'NONE', #206, #2130 ) ;
#2196 = ADVANCED_FACE ( 'NONE', ( #780 ), #2739, .F. ) ;
#2197 = CIRCLE ( 'NONE', #97, 2.000000000000000000 ) ;
#2198 = VERTEX_POINT ( 'NONE', #2999 ) ;
#2199 = EDGE_LOOP ( 'NONE', ( #750, #3385, #796, #1296, #1011 ) ) ;
#2200 = CARTESIAN_POINT ( 'NONE',  ( -21.29670769134563812, 14.06078447122104791, 14.24264068711942244 ) ) ;
#2201 = CIRCLE ( 'NONE', #3130, 2.061552812808828516 ) ;
#2202 = DIRECTION ( 'NONE',  ( -0.000000000000000000, -0.000000000000000000, 1.000000000000000000 ) ) ;
#2203 = EDGE_CURVE ( 'NONE', #825, #1016, #3018, .T. ) ;
#2204 = LINE ( 'NONE', #3041, #1133 ) ;
#2205 = EDGE_LOOP ( 'NONE', ( #3052, #2275, #693, #3030 ) ) ;
#2206 = CARTESIAN_POINT ( 'NONE',  ( -13.99999999999999822, -1.246515491989272135E-16, 8.242640687119425991 ) ) ;
#2207 = EDGE_CURVE ( 'NONE', #2940, #1560, #1596, .T. ) ;
#2208 = DIRECTION ( 'NONE',  ( -1.000000000000000000, 0.000000000000000000, -8.095376221225113908E-16 ) ) ;
#2209 = DIRECTION ( 'NONE',  ( 8.095376221225114894E-16, -6.167905692361994366E-16, -1.000000000000000000 ) ) ;
#2210 = CARTESIAN_POINT ( 'NONE',  ( -19.74264068711959652, 0.000000000000000000, 7.242640687119425991 ) ) ;
#2211 = DIRECTION ( 'NONE',  ( 1.000000000000000000, -9.637352644315550869E-17, 8.054073281320902759E-16 ) ) ;
#2212 = ORIENTED_EDGE ( 'NONE', *, *, #1864, .F. ) ;
#2213 = ORIENTED_EDGE ( 'NONE', *, *, #2964, .T. ) ;
#2214 = AXIS2_PLACEMENT_3D ( 'NONE', #1405, #3114, #2276 ) ;
#2215 = CARTESIAN_POINT ( 'NONE',  ( 12.49999999999999645, 24.00000000000000000, 2.549999999999995826 ) ) ;
#2216 = CARTESIAN_POINT ( 'NONE',  ( -9.500000000000001776, 1.999999999999997335, 35.24264068711941889 ) ) ;
#2217 = LINE ( 'NONE', #3573, #1311 ) ;
#2218 = VECTOR ( 'NONE', #2526, 1000.000000000000000 ) ;
#2219 = EDGE_CURVE ( 'NONE', #3222, #1230, #2721, .T. ) ;
#2220 = CARTESIAN_POINT ( 'NONE',  ( 9.500000000000010658, 15.00535169487283760, 19.24264068711942244 ) ) ;
#2221 = DIRECTION ( 'NONE',  ( -0.000000000000000000, -1.000000000000000000, -0.000000000000000000 ) ) ;
#2222 = ORIENTED_EDGE ( 'NONE', *, *, #2366, .F. ) ;
#2223 = CARTESIAN_POINT ( 'NONE',  ( 13.99999999999999112, 0.000000000000000000, -6.938893903907224433E-15 ) ) ;
#2224 = ORIENTED_EDGE ( 'NONE', *, *, #1802, .T. ) ;
#2225 = CARTESIAN_POINT ( 'NONE',  ( 13.00000000000001776, 20.71331991438992759, 25.08771745938486930 ) ) ;
#2226 = DIRECTION ( 'NONE',  ( 0.000000000000000000, 0.000000000000000000, 1.000000000000000000 ) ) ;
#2227 = DIRECTION ( 'NONE',  ( -1.000000000000000000, 0.000000000000000000, 0.000000000000000000 ) ) ;
#2228 = VERTEX_POINT ( 'NONE', #1322 ) ;
#2229 = CARTESIAN_POINT ( 'NONE',  ( 19.50000000000001776, 12.98621812213107063, 20.24264068711943310 ) ) ;
#2230 = ORIENTED_EDGE ( 'NONE', *, *, #2988, .T. ) ;
#2231 = ADVANCED_FACE ( 'NONE', ( #2769 ), #3380, .T. ) ;
#2232 = ORIENTED_EDGE ( 'NONE', *, *, #1282, .T. ) ;
#2233 = EDGE_CURVE ( 'NONE', #2115, #277, #2506, .T. ) ;
#2234 = VERTEX_POINT ( 'NONE', #568 ) ;
#2235 = DIRECTION ( 'NONE',  ( -1.000000000000000000, -2.465190328815661892E-32, 4.138418559975751074E-16 ) ) ;
#2236 = DIRECTION ( 'NONE',  ( -0.000000000000000000, 0.4961389383568340916, -0.8682431421244591885 ) ) ;
#2237 = DIRECTION ( 'NONE',  ( 0.000000000000000000, -1.000000000000000000, 0.000000000000000000 ) ) ;
#2238 = ORIENTED_EDGE ( 'NONE', *, *, #668, .F. ) ;
#2239 = LINE ( 'NONE', #3079, #2484 ) ;
#2240 = DIRECTION ( 'NONE',  ( 0.000000000000000000, 1.000000000000000000, 0.000000000000000000 ) ) ;
#2241 = ORIENTED_EDGE ( 'NONE', *, *, #798, .F. ) ;
#2242 = CARTESIAN_POINT ( 'NONE',  ( -13.99999999999998934, 0.000000000000000000, 35.24264068711941889 ) ) ;
#2243 = CARTESIAN_POINT ( 'NONE',  ( -5.999999999999996447, 20.49613893835684664, 13.37439754499495770 ) ) ;
#2244 = DIRECTION ( 'NONE',  ( -8.095376221225113908E-16, -0.000000000000000000, -1.000000000000000000 ) ) ;
#2245 = EDGE_CURVE ( 'NONE', #1243, #3604, #3273, .T. ) ;
#2246 = PLANE ( 'NONE',  #2043 ) ;
#2247 = CIRCLE ( 'NONE', #2073, 2.000000000000000000 ) ;
#2248 = LINE ( 'NONE', #3368, #1479 ) ;
#2249 =( GEOMETRIC_REPRESENTATION_CONTEXT ( 3 ) GLOBAL_UNCERTAINTY_ASSIGNED_CONTEXT ( ( #2184 ) ) GLOBAL_UNIT_ASSIGNED_CONTEXT ( ( #1573, #2470, #2695 ) ) REPRESENTATION_CONTEXT ( 'NONE', 'WORKASPACE' ) );
#2250 = ORIENTED_EDGE ( 'NONE', *, *, #2373, .T. ) ;
#2251 = ORIENTED_EDGE ( 'NONE', *, *, #1944, .T. ) ;
#2252 = VECTOR ( 'NONE', #3526, 1000.000000000000000 ) ;
#2253 = VECTOR ( 'NONE', #625, 1000.000000000000000 ) ;
#2254 = LINE ( 'NONE', #1151, #590 ) ;
#2255 = PLANE ( 'NONE',  #1316 ) ;
#2256 = CIRCLE ( 'NONE', #1555, 2.000000000000000000 ) ;
#2257 = CARTESIAN_POINT ( 'NONE',  ( -9.500000000000012434, 15.00535169487283760, 20.24264068711940823 ) ) ;
#2258 = EDGE_CURVE ( 'NONE', #2234, #1243, #2247, .T. ) ;
#2259 = AXIS2_PLACEMENT_3D ( 'NONE', #1933, #1432, #3106 ) ;
#2260 = EDGE_CURVE ( 'NONE', #615, #1807, #2661, .T. ) ;
#2261 = EDGE_CURVE ( 'NONE', #3571, #858, #673, .T. ) ;
#2262 = DIRECTION ( 'NONE',  ( -1.000000000000000000, 0.000000000000000000, -8.095376221225113908E-16 ) ) ;
#2263 = CIRCLE ( 'NONE', #2439, 7.242640687119608955 ) ;
#2264 = CARTESIAN_POINT ( 'NONE',  ( -12.49999999999998757, 23.97612545688032171, 7.068604270207031526 ) ) ;
#2265 = VERTEX_POINT ( 'NONE', #530 ) ;
#2266 = ADVANCED_FACE ( 'NONE', ( #2541 ), #2755, .T. ) ;
#2267 = DIRECTION ( 'NONE',  ( -0.9664513498471032360, -0.2568497389111231710, 0.000000000000000000 ) ) ;
#2268 = LINE ( 'NONE', #1932, #3009 ) ;
#2269 = CARTESIAN_POINT ( 'NONE',  ( -9.500000000000000000, 5.683853811879066242, 34.55325582921163630 ) ) ;
#2270 = CARTESIAN_POINT ( 'NONE',  ( 9.499999999999998224, 24.00000000000000000, -1.224646799147350495E-16 ) ) ;
#2271 = ORIENTED_EDGE ( 'NONE', *, *, #3333, .F. ) ;
#2272 = DIRECTION ( 'NONE',  ( 0.000000000000000000, 0.000000000000000000, 1.000000000000000000 ) ) ;
#2273 = DIRECTION ( 'NONE',  ( -0.2568497389111231710, -0.9664513498471032360, 2.079295268808985297E-16 ) ) ;
#2274 = DIRECTION ( 'NONE',  ( -5.724295422284586921E-16, 0.7071067811865499042, 0.7071067811865451302 ) ) ;
#2275 = ORIENTED_EDGE ( 'NONE', *, *, #1068, .T. ) ;
#2276 = DIRECTION ( 'NONE',  ( -8.095376221225113908E-16, 0.000000000000000000, -1.000000000000000000 ) ) ;
#2277 = DIRECTION ( 'NONE',  ( 1.000000000000000000, 0.000000000000000000, -4.956352788505163268E-16 ) ) ;
#2278 = VECTOR ( 'NONE', #1023, 1000.000000000000000 ) ;
#2279 = ADVANCED_FACE ( 'NONE', ( #1988 ), #2555, .T. ) ;
#2280 = ORIENTED_EDGE ( 'NONE', *, *, #819, .F. ) ;
#2281 = AXIS2_PLACEMENT_3D ( 'NONE', #1464, #379, #3474 ) ;
#2282 = LINE ( 'NONE', #3589, #2781 ) ;
#2283 = CARTESIAN_POINT ( 'NONE',  ( -14.62132034355966503, 0.000000000000000000, 2.121320343559611743 ) ) ;
#2284 = LINE ( 'NONE', #289, #1024 ) ;
#2285 = ORIENTED_EDGE ( 'NONE', *, *, #2937, .F. ) ;
#2286 = FACE_OUTER_BOUND ( 'NONE', #2328, .T. ) ;
#2287 = VERTEX_POINT ( 'NONE', #2243 ) ;
#2288 = CARTESIAN_POINT ( 'NONE',  ( -12.49999999999999645, 24.00000000000000000, 0.000000000000000000 ) ) ;
#2289 = EDGE_CURVE ( 'NONE', #2155, #391, #260, .T. ) ;
#2290 = CYLINDRICAL_SURFACE ( 'NONE', #3272, 1.000000000000000444 ) ;
#2291 = LINE ( 'NONE', #3096, #1493 ) ;
#2292 = ORIENTED_EDGE ( 'NONE', *, *, #2518, .T. ) ;
#2293 = EDGE_CURVE ( 'NONE', #3154, #1929, #2268, .T. ) ;
#2294 = LINE ( 'NONE', #599, #2665 ) ;
#2295 = ORIENTED_EDGE ( 'NONE', *, *, #1000, .T. ) ;
#2296 = CARTESIAN_POINT ( 'NONE',  ( 14.00000000000001776, 5.209458852746759128, 52.21947431726040634 ) ) ;
#2297 = LINE ( 'NONE', #1762, #1774 ) ;
#2298 = ORIENTED_EDGE ( 'NONE', *, *, #3521, .F. ) ;
#2299 = PLANE ( 'NONE',  #2746 ) ;
#2300 = ORIENTED_EDGE ( 'NONE', *, *, #2477, .T. ) ;
#2301 = CARTESIAN_POINT ( 'NONE',  ( 9.500000000000001776, 14.00535169487283760, 8.242640687119429543 ) ) ;
#2302 = ORIENTED_EDGE ( 'NONE', *, *, #3103, .F. ) ;
#2303 = EDGE_CURVE ( 'NONE', #3503, #1837, #3121, .T. ) ;
#2304 = AXIS2_PLACEMENT_3D ( 'NONE', #2225, #829, #1706 ) ;
#2305 = VECTOR ( 'NONE', #3228, 1000.000000000000000 ) ;
#2306 = CARTESIAN_POINT ( 'NONE',  ( 13.00000000000001776, 5.705597791103592442, 51.35123117513594337 ) ) ;
#2307 = CARTESIAN_POINT ( 'NONE',  ( 14.00000000000000533, 4.200041406435637757E-15, 26.31009672718661818 ) ) ;
#2308 = ADVANCED_FACE ( 'NONE', ( #1634, #3046 ), #1065, .F. ) ;
#2309 = VECTOR ( 'NONE', #3170, 1000.000000000000000 ) ;
#2310 = ORIENTED_EDGE ( 'NONE', *, *, #2179, .F. ) ;
#2311 = ORIENTED_EDGE ( 'NONE', *, *, #749, .T. ) ;
#2312 = AXIS2_PLACEMENT_3D ( 'NONE', #503, #3353, #246 ) ;
#2313 = AXIS2_PLACEMENT_3D ( 'NONE', #2188, #3310, #3062 ) ;
#2314 = ORIENTED_EDGE ( 'NONE', *, *, #3219, .F. ) ;
#2315 = CARTESIAN_POINT ( 'NONE',  ( -24.49999999999999289, 0.000000000000000000, 16.74264068711939757 ) ) ;
#2316 = CARTESIAN_POINT ( 'NONE',  ( -9.500000000000001776, -2.602085213965209853E-15, 36.24264068711941889 ) ) ;
#2317 = CARTESIAN_POINT ( 'NONE',  ( -9.499999999999998224, 24.00000000000000000, 0.000000000000000000 ) ) ;
#2318 = VECTOR ( 'NONE', #24, 1000.000000000000000 ) ;
#2319 =( LENGTH_UNIT ( ) NAMED_UNIT ( * ) SI_UNIT ( .MILLI., .METRE. ) );
#2320 = EDGE_CURVE ( 'NONE', #1862, #453, #1946, .T. ) ;
#2321 = CYLINDRICAL_SURFACE ( 'NONE', #2499, 2.550000000000000711 ) ;
#2322 = ORIENTED_EDGE ( 'NONE', *, *, #2183, .T. ) ;
#2323 = ORIENTED_EDGE ( 'NONE', *, *, #2904, .T. ) ;
#2324 = DIRECTION ( 'NONE',  ( -1.000000000000000000, 0.000000000000000000, -8.095376221225113908E-16 ) ) ;
#2325 = DIRECTION ( 'NONE',  ( 0.9664513498471032360, -0.2568497389111231710, 0.000000000000000000 ) ) ;
#2326 = DIRECTION ( 'NONE',  ( -1.000000000000000000, 0.000000000000000000, 0.000000000000000000 ) ) ;
#2327 = EDGE_LOOP ( 'NONE', ( #2660, #3231, #1010, #1207 ) ) ;
#2328 = EDGE_LOOP ( 'NONE', ( #2877, #2625, #1506, #988 ) ) ;
#2329 = DIRECTION ( 'NONE',  ( -0.6225126250651871196, -0.4742953333829998952, -0.6225126250651938919 ) ) ;
#2330 = EDGE_CURVE ( 'NONE', #3496, #3190, #1431, .T. ) ;
#2331 = ORIENTED_EDGE ( 'NONE', *, *, #665, .F. ) ;
#2332 = CARTESIAN_POINT ( 'NONE',  ( 17.96375646594528064, 13.39449915012930603, 14.24264068711942244 ) ) ;
#2333 = VERTEX_POINT ( 'NONE', #288 ) ;
#2334 = VECTOR ( 'NONE', #1681, 1000.000000000000000 ) ;
#2335 = LINE ( 'NONE', #1592, #2712 ) ;
#2336 = AXIS2_PLACEMENT_3D ( 'NONE', #3460, #663, #2367 ) ;
#2337 = ORIENTED_EDGE ( 'NONE', *, *, #1720, .F. ) ;
#2338 = EDGE_CURVE ( 'NONE', #391, #615, #2523, .T. ) ;
#2339 = FACE_OUTER_BOUND ( 'NONE', #3523, .T. ) ;
#2340 = ORIENTED_EDGE ( 'NONE', *, *, #11, .T. ) ;
#2341 = CYLINDRICAL_SURFACE ( 'NONE', #2718, 3.050000000000004707 ) ;
#2342 = ORIENTED_EDGE ( 'NONE', *, *, #706, .T. ) ;
#2343 = ORIENTED_EDGE ( 'NONE', *, *, #2150, .F. ) ;
#2344 = PLANE ( 'NONE',  #1137 ) ;
#2345 = DIRECTION ( 'NONE',  ( 0.000000000000000000, 0.000000000000000000, -1.000000000000000000 ) ) ;
#2346 = CARTESIAN_POINT ( 'NONE',  ( 14.27951387646151282, 15.92571476442913792, 7.170625673743726836 ) ) ;
#2347 = ADVANCED_FACE ( 'NONE', ( #1966 ), #3083, .T. ) ;
#2348 = ORIENTED_EDGE ( 'NONE', *, *, #1763, .T. ) ;
#2349 = DIRECTION ( 'NONE',  ( 0.6949420556350766054, 0.1846918477339468123, -0.6949420556350829337 ) ) ;
#2350 = VERTEX_POINT ( 'NONE', #1504 ) ;
#2351 = DIRECTION ( 'NONE',  ( -0.9664513498471034580, -0.2568497389111223383, 0.000000000000000000 ) ) ;
#2352 = ORIENTED_EDGE ( 'NONE', *, *, #772, .F. ) ;
#2353 = DIRECTION ( 'NONE',  ( 0.000000000000000000, 0.000000000000000000, -1.000000000000000000 ) ) ;
#2354 = CARTESIAN_POINT ( 'NONE',  ( -9.500000000000003553, 15.00535169487283760, 9.242640687119434872 ) ) ;
#2355 = ADVANCED_FACE ( 'NONE', ( #53 ), #2005, .T. ) ;
#2356 = CARTESIAN_POINT ( 'NONE',  ( -16.24440017689382643, 15.40351513861670618, 22.88171882705719540 ) ) ;
#2357 = VERTEX_POINT ( 'NONE', #2354 ) ;
#2358 = VERTEX_POINT ( 'NONE', #635 ) ;
#2359 = ORIENTED_EDGE ( 'NONE', *, *, #819, .T. ) ;
#2360 = DIRECTION ( 'NONE',  ( 8.095376221225114894E-16, 0.000000000000000000, -1.000000000000000000 ) ) ;
#2361 = ORIENTED_EDGE ( 'NONE', *, *, #1702, .F. ) ;
#2362 = CARTESIAN_POINT ( 'NONE',  ( -14.00000000000000533, 0.000000000000000000, 6.071532165918827197E-15 ) ) ;
#2363 = VERTEX_POINT ( 'NONE', #2283 ) ;
#2364 = ORIENTED_EDGE ( 'NONE', *, *, #507, .F. ) ;
#2365 = DIRECTION ( 'NONE',  ( -0.7954317200324986237, 0.6060432152628563163, -6.439319031959281068E-16 ) ) ;
#2366 = EDGE_CURVE ( 'NONE', #2397, #928, #107, .T. ) ;
#2367 = DIRECTION ( 'NONE',  ( 0.000000000000000000, 0.000000000000000000, -1.000000000000000000 ) ) ;
#2368 = LINE ( 'NONE', #709, #3546 ) ;
#2369 = ORIENTED_EDGE ( 'NONE', *, *, #3515, .T. ) ;
#2370 = ORIENTED_EDGE ( 'NONE', *, *, #2487, .T. ) ;
#2371 = ORIENTED_EDGE ( 'NONE', *, *, #3533, .F. ) ;
#2372 = VECTOR ( 'NONE', #201, 1000.000000000000000 ) ;
#2373 = EDGE_CURVE ( 'NONE', #1785, #688, #903, .T. ) ;
#2374 = AXIS2_PLACEMENT_3D ( 'NONE', #506, #436, #729 ) ;
#2375 = CARTESIAN_POINT ( 'NONE',  ( 5.142037302725976033, -6.748923959827828334, 7.242640687119433984 ) ) ;
#2376 = CIRCLE ( 'NONE', #3064, 3.050000000000004707 ) ;
#2377 = APPLICATION_CONTEXT ( 'automotive_design' ) ;
#2378 = EDGE_CURVE ( 'NONE', #2047, #1473, #1159, .T. ) ;
#2379 = LINE ( 'NONE', #1347, #2903 ) ;
#2380 = DIRECTION ( 'NONE',  ( -1.000000000000000000, -9.637352644315549637E-17, 0.000000000000000000 ) ) ;
#2381 = AXIS2_PLACEMENT_3D ( 'NONE', #2461, #3336, #1611 ) ;
#2382 = EDGE_LOOP ( 'NONE', ( #2314, #3458, #1198, #1618 ) ) ;
#2383 = EDGE_CURVE ( 'NONE', #1002, #109, #959, .T. ) ;
#2384 = PRODUCT_DEFINITION_FORMATION_WITH_SPECIFIED_SOURCE ( '浠', '', #1108, .NOT_KNOWN. ) ;
#2385 = DIRECTION ( 'NONE',  ( -8.054073281320901773E-16, -1.862214266276592357E-31, -1.000000000000000000 ) ) ;
#2386 = ORIENTED_EDGE ( 'NONE', *, *, #1534, .F. ) ;
#2387 = PLANE ( 'NONE',  #3251 ) ;
#2388 = ORIENTED_EDGE ( 'NONE', *, *, #1116, .F. ) ;
#2389 = CARTESIAN_POINT ( 'NONE',  ( 14.00000000000000711, 3.000000000000000000, 20.24264068711940823 ) ) ;
#2390 = LINE ( 'NONE', #2867, #3448 ) ;
#2391 = FACE_OUTER_BOUND ( 'NONE', #2923, .T. ) ;
#2392 = ORIENTED_EDGE ( 'NONE', *, *, #3471, .F. ) ;
#2393 = ORIENTED_EDGE ( 'NONE', *, *, #882, .F. ) ;
#2394 = CARTESIAN_POINT ( 'NONE',  ( 15.50000000000002487, 16.00000000000000000, 21.24264068711940112 ) ) ;
#2395 = LINE ( 'NONE', #1284, #28 ) ;
#2396 = EDGE_CURVE ( 'NONE', #3044, #928, #2297, .T. ) ;
#2397 = VERTEX_POINT ( 'NONE', #887 ) ;
#2398 = CARTESIAN_POINT ( 'NONE',  ( 6.000000000009624301, 24.00000000000000000, 1.000000000000003331 ) ) ;
#2399 = ORIENTED_EDGE ( 'NONE', *, *, #290, .T. ) ;
#2400 = CARTESIAN_POINT ( 'NONE',  ( 9.500000000000012434, 15.00535169487283760, 20.24264068711942599 ) ) ;
#2401 = ORIENTED_EDGE ( 'NONE', *, *, #1140, .T. ) ;
#2402 = CARTESIAN_POINT ( 'NONE',  ( -5.999999999999998224, 23.00000000000000000, 1.000000000000002665 ) ) ;
#2403 = VECTOR ( 'NONE', #1259, 1000.000000000000000 ) ;
#2404 = PLANE ( 'NONE',  #2105 ) ;
#2405 = ORIENTED_EDGE ( 'NONE', *, *, #1996, .T. ) ;
#2406 = EDGE_LOOP ( 'NONE', ( #910, #3454 ) ) ;
#2407 = ORIENTED_EDGE ( 'NONE', *, *, #499, .F. ) ;
#2408 = DIRECTION ( 'NONE',  ( 0.000000000000000000, 0.8682431421244590775, 0.4961389383568343137 ) ) ;
#2409 = EDGE_CURVE ( 'NONE', #2880, #94, #129, .T. ) ;
#2410 = DIRECTION ( 'NONE',  ( -1.000000000000000000, 0.000000000000000000, 0.000000000000000000 ) ) ;
#2412 = ORIENTED_EDGE ( 'NONE', *, *, #1426, .F. ) ;
#2411 = EDGE_CURVE ( 'NONE', #2512, #179, #922, .T. ) ;
#2413 = PRODUCT_DEFINITION ( '鏈', '', #2384, #1046 ) ;
#2414 = DIRECTION ( 'NONE',  ( 0.000000000000000000, 0.000000000000000000, 1.000000000000000000 ) ) ;
#2415 = VERTEX_POINT ( 'NONE', #695 ) ;
#2416 = CARTESIAN_POINT ( 'NONE',  ( -12.99999999999999645, 20.71331991438993114, 25.08771745938487285 ) ) ;
#2417 = LINE ( 'NONE', #203, #38 ) ;
#2418 = CARTESIAN_POINT ( 'NONE',  ( -9.500000000000001776, 15.00535169487283760, 8.242640687119429543 ) ) ;
#2419 = EDGE_CURVE ( 'NONE', #432, #2415, #3119, .T. ) ;
#2420 = DIRECTION ( 'NONE',  ( -0.000000000000000000, -1.000000000000000000, -0.000000000000000000 ) ) ;
#2421 = ORIENTED_EDGE ( 'NONE', *, *, #2736, .T. ) ;
#2422 = CARTESIAN_POINT ( 'NONE',  ( -4.499999999999981348, -7.001845695885204890, 9.250479967799074998 ) ) ;
#2423 = EDGE_LOOP ( 'NONE', ( #3013, #1875, #1576, #3229, #2222, #363, #969, #1328 ) ) ;
#2424 = EDGE_CURVE ( 'NONE', #2653, #75, #618, .T. ) ;
#2425 = LINE ( 'NONE', #714, #2252 ) ;
#2426 = VECTOR ( 'NONE', #3216, 1000.000000000000000 ) ;
#2427 = DIRECTION ( 'NONE',  ( 0.000000000000000000, 1.000000000000000000, 0.000000000000000000 ) ) ;
#2428 = VECTOR ( 'NONE', #3258, 1000.000000000000114 ) ;
#2429 = AXIS2_PLACEMENT_3D ( 'NONE', #3115, #2837, #2055 ) ;
#2430 = VECTOR ( 'NONE', #3420, 1000.000000000000114 ) ;
#2431 = DIRECTION ( 'NONE',  ( -0.000000000000000000, -1.000000000000000000, -0.000000000000000000 ) ) ;
#2432 = CIRCLE ( 'NONE', #2897, 2.999999999999999112 ) ;
#2433 = LINE ( 'NONE', #2674, #3140 ) ;
#2434 = VECTOR ( 'NONE', #2768, 1000.000000000000000 ) ;
#2435 = CARTESIAN_POINT ( 'NONE',  ( 9.500000000000000000, -5.817072295949928215E-15, 44.50000000000000000 ) ) ;
#2436 = AXIS2_PLACEMENT_3D ( 'NONE', #307, #1107, #2789 ) ;
#2437 = DIRECTION ( 'NONE',  ( -1.000000000000000000, -0.000000000000000000, 4.336808689942017736E-16 ) ) ;
#2438 = CARTESIAN_POINT ( 'NONE',  ( -12.49999999999999822, 16.00000000000001421, 21.24264068711941178 ) ) ;
#2439 = AXIS2_PLACEMENT_3D ( 'NONE', #790, #1907, #773 ) ;
#2440 = ORIENTED_EDGE ( 'NONE', *, *, #1969, .F. ) ;
#2441 = ORIENTED_EDGE ( 'NONE', *, *, #2338, .F. ) ;
#2442 = CARTESIAN_POINT ( 'NONE',  ( -5.999999999999996447, 17.46087738103789988, 13.94346458318370985 ) ) ;
#2443 = CARTESIAN_POINT ( 'NONE',  ( 23.49999999999999289, 7.238095238095234585, 12.24264068711943665 ) ) ;
#2444 = ADVANCED_FACE ( 'NONE', ( #2841 ), #3452, .F. ) ;
#2445 = ADVANCED_FACE ( 'NONE', ( #3468 ), #2041, .T. ) ;
#2446 = DIRECTION ( 'NONE',  ( -1.000000000000000000, 1.334402673828312353E-16, 1.334402673828312353E-16 ) ) ;
#2447 = CARTESIAN_POINT ( 'NONE',  ( 19.99999999999996803, 4.571428571428550747, 7.242640687119421550 ) ) ;
#2448 = AXIS2_PLACEMENT_3D ( 'NONE', #1561, #195, #180 ) ;
#2449 = VERTEX_POINT ( 'NONE', #3433 ) ;
#2450 = CARTESIAN_POINT ( 'NONE',  ( 9.500000000000000000, -5.817072295949928215E-15, 44.50000000000000000 ) ) ;
#2451 = FACE_OUTER_BOUND ( 'NONE', #2178, .T. ) ;
#2452 = AXIS2_PLACEMENT_3D ( 'NONE', #2785, #303, #2537 ) ;
#2453 = ADVANCED_FACE ( 'NONE', ( #2584, #654 ), #2058, .F. ) ;
#2454 = CYLINDRICAL_SURFACE ( 'NONE', #1816, 0.5000000000000000000 ) ;
#2455 = CARTESIAN_POINT ( 'NONE',  ( 14.00000000000000711, 0.000000000000000000, 30.40779207703108256 ) ) ;
#2456 = VECTOR ( 'NONE', #2437, 1000.000000000000000 ) ;
#2457 = ORIENTED_EDGE ( 'NONE', *, *, #3490, .F. ) ;
#2458 = VECTOR ( 'NONE', #1695, 1000.000000000000000 ) ;
#2459 = VERTEX_POINT ( 'NONE', #85 ) ;
#2460 = DIRECTION ( 'NONE',  ( -8.095376221225113908E-16, 0.000000000000000000, 1.000000000000000000 ) ) ;
#2461 = CARTESIAN_POINT ( 'NONE',  ( -23.99999999999999289, 0.000000000000000000, 30.40779207703108256 ) ) ;
#2462 = LINE ( 'NONE', #301, #2185 ) ;
#2463 = ORIENTED_EDGE ( 'NONE', *, *, #3545, .F. ) ;
#2464 = EDGE_CURVE ( 'NONE', #367, #3536, #1192, .T. ) ;
#2465 = LINE ( 'NONE', #1085, #1368 ) ;
#2466 = CARTESIAN_POINT ( 'NONE',  ( 12.49999999999999645, 24.00000000000000000, -3.000000000000003997 ) ) ;
#2467 = CARTESIAN_POINT ( 'NONE',  ( -24.50000000000000000, 8.000000000000007105, 16.74264068711939757 ) ) ;
#2468 = DIRECTION ( 'NONE',  ( 0.6949420556350759393, -0.1846918477339465903, 0.6949420556350835998 ) ) ;
#2469 = CARTESIAN_POINT ( 'NONE',  ( 4.499999999999997335, 0.4534810281881691552, 52.48017776193936612 ) ) ;
#2470 =( NAMED_UNIT ( * ) PLANE_ANGLE_UNIT ( ) SI_UNIT ( $, .RADIAN. ) );
#2471 = EDGE_CURVE ( 'NONE', #3044, #2112, #1522, .T. ) ;
#2472 = ORIENTED_EDGE ( 'NONE', *, *, #2565, .T. ) ;
#2473 = ORIENTED_EDGE ( 'NONE', *, *, #1936, .T. ) ;
#2474 = DIRECTION ( 'NONE',  ( 1.229519805305442303E-16, 0.4961389383568341471, -0.8682431421244590775 ) ) ;
#2475 = LINE ( 'NONE', #2782, #1253 ) ;
#2476 = ORIENTED_EDGE ( 'NONE', *, *, #1959, .F. ) ;
#2477 = EDGE_CURVE ( 'NONE', #1125, #333, #2335, .T. ) ;
#2478 = CARTESIAN_POINT ( 'NONE',  ( -4.499999999999995559, 17.73648628424892593, 22.23491856383307308 ) ) ;
#2479 = AXIS2_PLACEMENT_3D ( 'NONE', #716, #1540, #2684 ) ;
#2480 = PLANE ( 'NONE',  #2214 ) ;
#2481 = ORIENTED_EDGE ( 'NONE', *, *, #836, .F. ) ;
#2482 = LINE ( 'NONE', #3596, #2434 ) ;
#2483 = DIRECTION ( 'NONE',  ( 4.336808689942030062E-16, -0.8682431421244590775, -0.4961389383568339806 ) ) ;
#2484 = VECTOR ( 'NONE', #632, 1000.000000000000000 ) ;
#2485 = CARTESIAN_POINT ( 'NONE',  ( 19.74264068711959652, 24.00000000000000000, 7.242640687119425991 ) ) ;
#2486 = VECTOR ( 'NONE', #2029, 1000.000000000000000 ) ;
#2487 = EDGE_CURVE ( 'NONE', #3325, #1607, #3011, .T. ) ;
#2488 = VECTOR ( 'NONE', #2140, 1000.000000000000000 ) ;
#2489 = FACE_OUTER_BOUND ( 'NONE', #2935, .T. ) ;
#2490 = ORIENTED_EDGE ( 'NONE', *, *, #2508, .T. ) ;
#2491 = DIRECTION ( 'NONE',  ( 0.000000000000000000, 1.000000000000000000, 0.000000000000000000 ) ) ;
#2492 = AXIS2_PLACEMENT_3D ( 'NONE', #1414, #1947, #620 ) ;
#2493 = CARTESIAN_POINT ( 'NONE',  ( -12.99999999999999822, 0.4961389383568437506, 48.37439754499493461 ) ) ;
#2494 = DIRECTION ( 'NONE',  ( 2.151659659284525201E-16, 0.8682431421244590775, 0.4961389383568339806 ) ) ;
#2495 = VECTOR ( 'NONE', #694, 1000.000000000000000 ) ;
#2496 = CARTESIAN_POINT ( 'NONE',  ( 13.99999999999999822, 7.427101887894762351E-16, 20.24264068711942954 ) ) ;
#2497 = DIRECTION ( 'NONE',  ( -1.000000000000000000, -2.465190328815661892E-32, 4.138418559975751074E-16 ) ) ;
#2498 =( BOUNDED_CURVE ( )  B_SPLINE_CURVE ( 3, ( #3567, #2104, #2974, #1694 ),
 .UNSPECIFIED., .F., .T. ) 
 B_SPLINE_CURVE_WITH_KNOTS ( ( 4, 4 ),
 ( 0.000000000000000000, 1.159279480727408274 ),
 .UNSPECIFIED. ) 
 CURVE ( )  GEOMETRIC_REPRESENTATION_ITEM ( )  RATIONAL_B_SPLINE_CURVE ( ( 1.000000000000000000, 0.8911066843560503381, 0.8911066843560503381, 1.000000000000000000 ) ) 
 REPRESENTATION_ITEM ( '' )  );
#2499 = AXIS2_PLACEMENT_3D ( 'NONE', #3436, #924, #3158 ) ;
#2500 = LINE ( 'NONE', #29, #2159 ) ;
#2501 = ORIENTED_EDGE ( 'NONE', *, *, #249, .T. ) ;
#2502 = ORIENTED_EDGE ( 'NONE', *, *, #262, .F. ) ;
#2503 = EDGE_CURVE ( 'NONE', #624, #93, #2544, .T. ) ;
#2504 = CARTESIAN_POINT ( 'NONE',  ( 1.081182229982490149E-14, 16.00000000000000355, 21.24264068711940112 ) ) ;
#2505 = ORIENTED_EDGE ( 'NONE', *, *, #1580, .T. ) ;
#2506 = LINE ( 'NONE', #2189, #1717 ) ;
#2507 = FACE_OUTER_BOUND ( 'NONE', #2031, .T. ) ;
#2508 = EDGE_CURVE ( 'NONE', #1215, #786, #3514, .T. ) ;
#2509 = LINE ( 'NONE', #2270, #1390 ) ;
#2510 = LINE ( 'NONE', #3109, #1423 ) ;
#2511 = VERTEX_POINT ( 'NONE', #458 ) ;
#2512 = VERTEX_POINT ( 'NONE', #199 ) ;
#2513 = AXIS2_PLACEMENT_3D ( 'NONE', #3073, #23, #42 ) ;
#2514 = FACE_BOUND ( 'NONE', #225, .T. ) ;
#2515 = DIRECTION ( 'NONE',  ( -1.000000000000000000, 0.000000000000000000, 4.956352788505163268E-16 ) ) ;
#2516 = CYLINDRICAL_SURFACE ( 'NONE', #2312, 2.000000000000000000 ) ;
#2517 = CARTESIAN_POINT ( 'NONE',  ( -14.89647917781742059, 0.6830317545275608193, 7.242640687119425991 ) ) ;
#2518 = EDGE_CURVE ( 'NONE', #1757, #2168, #1246, .T. ) ;
#2519 = CARTESIAN_POINT ( 'NONE',  ( -9.500000000000001776, 3.999999999999997335, 35.74264068711941889 ) ) ;
#2520 = ORIENTED_EDGE ( 'NONE', *, *, #435, .T. ) ;
#2521 = ORIENTED_EDGE ( 'NONE', *, *, #3561, .T. ) ;
#2522 = CARTESIAN_POINT ( 'NONE',  ( -13.04773088529816150, 16.00000000000001421, 4.479666407797287420 ) ) ;
#2523 = LINE ( 'NONE', #1121, #3413 ) ;
#2524 = FACE_OUTER_BOUND ( 'NONE', #2199, .T. ) ;
#2525 =( BOUNDED_CURVE ( )  B_SPLINE_CURVE ( 3, ( #2033, #2597, #2346, #2050 ),
 .UNSPECIFIED., .F., .F. ) 
 B_SPLINE_CURVE_WITH_KNOTS ( ( 4, 4 ),
 ( 1.570796326794894116, 2.035591360696642482 ),
 .UNSPECIFIED. ) 
 CURVE ( )  GEOMETRIC_REPRESENTATION_ITEM ( )  RATIONAL_B_SPLINE_CURVE ( ( 1.000000000000000000, 0.9820780114622806867, 0.9820780114622806867, 1.000000000000000000 ) ) 
 REPRESENTATION_ITEM ( '' )  );
#2526 = DIRECTION ( 'NONE',  ( -0.000000000000000000, -0.4961389383568342581, 0.8682431421244589664 ) ) ;
#2527 = ORIENTED_EDGE ( 'NONE', *, *, #1991, .F. ) ;
#2528 = CARTESIAN_POINT ( 'NONE',  ( -14.00000000000000533, 0.000000000000000000, 6.071532165918827197E-15 ) ) ;
#2529 = VERTEX_POINT ( 'NONE', #488 ) ;
#2530 = ADVANCED_FACE ( 'NONE', ( #184 ), #2114, .T. ) ;
#2531 = DIRECTION ( 'NONE',  ( -1.000000000000000000, 0.000000000000000000, 4.956352788505163268E-16 ) ) ;
#2532 = CARTESIAN_POINT ( 'NONE',  ( 19.99999999999996447, 8.000000000000007105, 7.242640687119420662 ) ) ;
#2533 = CARTESIAN_POINT ( 'NONE',  ( 24.50000000000001421, 1.999999999999997335, 35.24264068711940467 ) ) ;
#2534 = ADVANCED_FACE ( 'NONE', ( #3494 ), #1045, .T. ) ;
#2535 = DIRECTION ( 'NONE',  ( -0.9664513498471032360, 0.2568497389111231710, 7.950815931560365521E-16 ) ) ;
#2536 = LINE ( 'NONE', #1629, #91 ) ;
#2537 = DIRECTION ( 'NONE',  ( 0.000000000000000000, 0.4961389383568334810, -0.8682431421244595215 ) ) ;
#2538 = VERTEX_POINT ( 'NONE', #1894 ) ;
#2539 = ORIENTED_EDGE ( 'NONE', *, *, #528, .F. ) ;
#2540 = DIRECTION ( 'NONE',  ( -0.000000000000000000, -0.000000000000000000, 1.000000000000000000 ) ) ;
#2541 = FACE_OUTER_BOUND ( 'NONE', #1218, .T. ) ;
#2542 = CARTESIAN_POINT ( 'NONE',  ( 9.500000000000028422, 15.00535169487283760, 41.76483792539835349 ) ) ;
#2543 = LINE ( 'NONE', #3035, #3153 ) ;
#2544 = CIRCLE ( 'NONE', #443, 7.242640687119608067 ) ;
#2545 = DIRECTION ( 'NONE',  ( 0.000000000000000000, 0.8682431421244590775, 0.4961389383568339806 ) ) ;
#2546 = VECTOR ( 'NONE', #3281, 1000.000000000000000 ) ;
#2547 = CARTESIAN_POINT ( 'NONE',  ( -13.99999999999998934, 1.999999999999997335, 36.24264068711941889 ) ) ;
#2548 = CARTESIAN_POINT ( 'NONE',  ( -19.50000000000001421, 7.238095238095236361, 8.242640687119420662 ) ) ;
#2549 = VECTOR ( 'NONE', #521, 1000.000000000000000 ) ;
#2550 = CARTESIAN_POINT ( 'NONE',  ( -19.50000000000001776, 12.98621812213107241, 20.24264068711940112 ) ) ;
#2551 = CIRCLE ( 'NONE', #2672, 3.050000000000002043 ) ;
#2552 = CYLINDRICAL_SURFACE ( 'NONE', #2738, 2.550000000000000711 ) ;
#2553 = EDGE_CURVE ( 'NONE', #413, #2653, #2668, .T. ) ;
#2554 = DIRECTION ( 'NONE',  ( -8.095376221225114894E-16, -0.000000000000000000, 1.000000000000000000 ) ) ;
#2555 = PLANE ( 'NONE',  #2304 ) ;
#2556 = DIRECTION ( 'NONE',  ( -1.000000000000000000, 0.000000000000000000, 0.000000000000000000 ) ) ;
#2557 = ORIENTED_EDGE ( 'NONE', *, *, #1055, .T. ) ;
#2558 = CARTESIAN_POINT ( 'NONE',  ( 7.133676542011056929E-17, -0.9180621547865035481, -1.396141229123651462 ) ) ;
#2559 = ORIENTED_EDGE ( 'NONE', *, *, #2872, .T. ) ;
#2560 = CARTESIAN_POINT ( 'NONE',  ( -5.142037302725982251, -6.748923959827824781, 20.24264068711941533 ) ) ;
#2561 = EDGE_CURVE ( 'NONE', #1252, #1391, #168, .T. ) ;
#2562 = CARTESIAN_POINT ( 'NONE',  ( 4.500000000000000888, 15.50386106164317646, 22.11088382924386764 ) ) ;
#2563 = CARTESIAN_POINT ( 'NONE',  ( -13.99999999999999645, 0.000000000000000000, 7.030467603725113257 ) ) ;
#2564 = ORIENTED_EDGE ( 'NONE', *, *, #1404, .F. ) ;
#2565 = EDGE_CURVE ( 'NONE', #522, #2146, #1475, .T. ) ;
#2566 = VECTOR ( 'NONE', #1643, 1000.000000000000000 ) ;
#2567 = FACE_OUTER_BOUND ( 'NONE', #1868, .T. ) ;
#2568 = EDGE_LOOP ( 'NONE', ( #652, #1262, #3193, #3487 ) ) ;
#2569 = CARTESIAN_POINT ( 'NONE',  ( 9.500000000000000000, 3.999999999999997335, 35.74264068711941178 ) ) ;
#2570 = DIRECTION ( 'NONE',  ( -8.095376221225113908E-16, 0.000000000000000000, -1.000000000000000000 ) ) ;
#2571 = LINE ( 'NONE', #70, #2776 ) ;
#2572 = ADVANCED_FACE ( 'NONE', ( #2131 ), #1300, .T. ) ;
#2573 = CARTESIAN_POINT ( 'NONE',  ( 9.500000000000010658, 15.00535169487283937, 18.24063453397254619 ) ) ;
#2574 = ORIENTED_EDGE ( 'NONE', *, *, #3026, .F. ) ;
#2575 = LINE ( 'NONE', #346, #2486 ) ;
#2576 = FACE_OUTER_BOUND ( 'NONE', #175, .T. ) ;
#2577 = EDGE_CURVE ( 'NONE', #2586, #1104, #2649, .T. ) ;
#2578 = LINE ( 'NONE', #2068, #445 ) ;
#2579 = ORIENTED_EDGE ( 'NONE', *, *, #746, .T. ) ;
#2580 = ORIENTED_EDGE ( 'NONE', *, *, #2261, .T. ) ;
#2581 = CARTESIAN_POINT ( 'NONE',  ( -9.499999999999975131, 2.999999999999999556, 8.242640687119425991 ) ) ;
#2582 = EDGE_CURVE ( 'NONE', #721, #1560, #841, .T. ) ;
#2583 = CARTESIAN_POINT ( 'NONE',  ( 19.50000000000001421, 1.348734881306911957E-30, 8.242640687119420662 ) ) ;
#2584 = FACE_OUTER_BOUND ( 'NONE', #1256, .T. ) ;
#2585 = LINE ( 'NONE', #923, #1195 ) ;
#2586 = VERTEX_POINT ( 'NONE', #1266 ) ;
#2587 = DIRECTION ( 'NONE',  ( 1.507532509004170062E-46, -1.000000000000000000, 1.862214266276592357E-31 ) ) ;
#2588 = ORIENTED_EDGE ( 'NONE', *, *, #1012, .T. ) ;
#2589 = LINE ( 'NONE', #2362, #3132 ) ;
#2590 = ORIENTED_EDGE ( 'NONE', *, *, #589, .F. ) ;
#2591 = ORIENTED_EDGE ( 'NONE', *, *, #710, .T. ) ;
#2592 = LINE ( 'NONE', #3478, #3126 ) ;
#2593 = VECTOR ( 'NONE', #1565, 1000.000000000000000 ) ;
#2594 = MECHANICAL_DESIGN_GEOMETRIC_PRESENTATION_REPRESENTATION (  '', ( #1776 ), #2249 ) ;
#2595 = DIRECTION ( 'NONE',  ( -0.000000000000000000, -1.000000000000000000, -0.000000000000000000 ) ) ;
#2596 = EDGE_CURVE ( 'NONE', #637, #1981, #1845, .T. ) ;
#2597 = CARTESIAN_POINT ( 'NONE',  ( 14.58379356617869327, 15.84484762210254871, 7.242640687119426879 ) ) ;
#2598 = VECTOR ( 'NONE', #543, 1000.000000000000000 ) ;
#2599 = ORIENTED_EDGE ( 'NONE', *, *, #1957, .F. ) ;
#2600 = ORIENTED_EDGE ( 'NONE', *, *, #1217, .F. ) ;
#2601 = AXIS2_PLACEMENT_3D ( 'NONE', #222, #1052, #2172 ) ;
#2602 = DIRECTION ( 'NONE',  ( 0.7071067811865475727, 0.000000000000000000, -0.7071067811865475727 ) ) ;
#2603 = VECTOR ( 'NONE', #1466, 1000.000000000000000 ) ;
#2604 = ORIENTED_EDGE ( 'NONE', *, *, #2794, .F. ) ;
#2605 = DIRECTION ( 'NONE',  ( 0.7071067811865513475, -1.316784335706501286E-31, -0.7071067811865436870 ) ) ;
#2606 = CARTESIAN_POINT ( 'NONE',  ( 21.84893564545605926, 13.91402115421069574, 19.39370504166335252 ) ) ;
#2607 = VECTOR ( 'NONE', #3128, 1000.000000000000000 ) ;
#2608 = ORIENTED_EDGE ( 'NONE', *, *, #1285, .T. ) ;
#2609 = DIRECTION ( 'NONE',  ( 0.000000000000000000, -1.000000000000000000, 0.000000000000000000 ) ) ;
#2610 = ORIENTED_EDGE ( 'NONE', *, *, #845, .T. ) ;
#2611 = EDGE_CURVE ( 'NONE', #3475, #451, #2395, .T. ) ;
#2612 = CARTESIAN_POINT ( 'NONE',  ( 12.50626299502015293, 24.00000000000000000, 6.891544027562677144 ) ) ;
#2613 = ORIENTED_EDGE ( 'NONE', *, *, #1609, .F. ) ;
#2614 = ORIENTED_EDGE ( 'NONE', *, *, #941, .F. ) ;
#2615 = DIRECTION ( 'NONE',  ( -0.000000000000000000, -1.000000000000000000, -0.000000000000000000 ) ) ;
#2616 = DIRECTION ( 'NONE',  ( 0.000000000000000000, 0.000000000000000000, 1.000000000000000000 ) ) ;
#2617 = CARTESIAN_POINT ( 'NONE',  ( 24.50000000000001421, 0.000000000000000000, 35.24264068711940467 ) ) ;
#2618 = VERTEX_POINT ( 'NONE', #3560 ) ;
#2619 = CARTESIAN_POINT ( 'NONE',  ( -5.999999999999998224, 23.00000000000000000, 0.5000000000000034417 ) ) ;
#2620 = ORIENTED_EDGE ( 'NONE', *, *, #2207, .F. ) ;
#2621 = EDGE_CURVE ( 'NONE', #3337, #2655, #3527, .T. ) ;
#2622 = CIRCLE ( 'NONE', #3086, 0.4999999999999992784 ) ;
#2623 = LINE ( 'NONE', #3152, #843 ) ;
#2624 = ORIENTED_EDGE ( 'NONE', *, *, #313, .F. ) ;
#2625 = ORIENTED_EDGE ( 'NONE', *, *, #3533, .T. ) ;
#2626 = DIRECTION ( 'NONE',  ( -0.000000000000000000, -1.000000000000000000, -0.000000000000000000 ) ) ;
#2627 = CIRCLE ( 'NONE', #1221, 3.050000000000002043 ) ;
#2628 = EDGE_CURVE ( 'NONE', #3244, #2900, #1866, .T. ) ;
#2629 = DIRECTION ( 'NONE',  ( 0.000000000000000000, 1.000000000000000000, -0.000000000000000000 ) ) ;
#2630 = ORIENTED_EDGE ( 'NONE', *, *, #1910, .T. ) ;
#2631 = AXIS2_PLACEMENT_3D ( 'NONE', #909, #2861, #2609 ) ;
#2632 = VERTEX_POINT ( 'NONE', #2151 ) ;
#2633 = PLANE ( 'NONE',  #2631 ) ;
#2634 = FACE_OUTER_BOUND ( 'NONE', #408, .T. ) ;
#2635 = VERTEX_POINT ( 'NONE', #1880 ) ;
#2636 = ORIENTED_EDGE ( 'NONE', *, *, #3003, .T. ) ;
#2637 = CARTESIAN_POINT ( 'NONE',  ( -14.89647917781741882, 0.000000000000000000, 5.242640687119425991 ) ) ;
#2638 = EDGE_CURVE ( 'NONE', #2, #2753, #2462, .T. ) ;
#2639 = CARTESIAN_POINT ( 'NONE',  ( -12.49999999999998757, 16.00000000000001421, 7.242640687119426879 ) ) ;
#2640 = DIRECTION ( 'NONE',  ( -1.232595164407830809E-32, 0.4961389383568342581, -0.8682431421244589664 ) ) ;
#2641 = ORIENTED_EDGE ( 'NONE', *, *, #229, .T. ) ;
#2642 = EDGE_CURVE ( 'NONE', #3475, #1757, #3354, .T. ) ;
#2643 = EDGE_CURVE ( 'NONE', #2940, #2397, #3058, .T. ) ;
#2644 = VERTEX_POINT ( 'NONE', #562 ) ;
#2645 = VERTEX_POINT ( 'NONE', #2478 ) ;
#2646 = LINE ( 'NONE', #2375, #3539 ) ;
#2647 = EDGE_CURVE ( 'NONE', #3536, #108, #2204, .T. ) ;
#2648 = CARTESIAN_POINT ( 'NONE',  ( -16.24440017689382998, 1.710019182395299486, 22.88171882705719540 ) ) ;
#2649 = LINE ( 'NONE', #216, #2426 ) ;
#2650 = ORIENTED_EDGE ( 'NONE', *, *, #2366, .T. ) ;
#2651 = ORIENTED_EDGE ( 'NONE', *, *, #3449, .T. ) ;
#2652 = DIRECTION ( 'NONE',  ( 0.000000000000000000, 0.000000000000000000, -1.000000000000000000 ) ) ;
#2653 = VERTEX_POINT ( 'NONE', #581 ) ;
#2654 = CARTESIAN_POINT ( 'NONE',  ( 12.51950104830841504, 24.00000000000000000, 6.711511812970133661 ) ) ;
#2655 = VERTEX_POINT ( 'NONE', #1135 ) ;
#2656 = ORIENTED_EDGE ( 'NONE', *, *, #1944, .F. ) ;
#2657 = DIRECTION ( 'NONE',  ( 0.000000000000000000, 0.000000000000000000, 1.000000000000000000 ) ) ;
#2658 = CARTESIAN_POINT ( 'NONE',  ( 14.00000000000001599, 0.000000000000000000, 49.24264068711939046 ) ) ;
#2659 = CARTESIAN_POINT ( 'NONE',  ( 19.50000000000001421, 12.98621812213106885, 8.242640687119422438 ) ) ;
#2660 = ORIENTED_EDGE ( 'NONE', *, *, #80, .F. ) ;
#2661 = CIRCLE ( 'NONE', #3355, 0.5000000000000001110 ) ;
#2662 = CARTESIAN_POINT ( 'NONE',  ( 11.90258380183475495, 15.00535169487283760, 19.24264068711942599 ) ) ;
#2663 = EDGE_LOOP ( 'NONE', ( #425, #426, #50, #3237, #420, #423, #1726, #2650, #689, #2371 ) ) ;
#2664 = EDGE_CURVE ( 'NONE', #153, #1411, #1337, .T. ) ;
#2665 = VECTOR ( 'NONE', #1455, 1000.000000000000000 ) ;
#2666 = FACE_OUTER_BOUND ( 'NONE', #1552, .T. ) ;
#2667 = AXIS2_PLACEMENT_3D ( 'NONE', #123, #1723, #353 ) ;
#2668 = LINE ( 'NONE', #763, #1899 ) ;
#2669 = VECTOR ( 'NONE', #1115, 1000.000000000000000 ) ;
#2670 = VERTEX_POINT ( 'NONE', #230 ) ;
#2671 = ORIENTED_EDGE ( 'NONE', *, *, #1525, .T. ) ;
#2672 = AXIS2_PLACEMENT_3D ( 'NONE', #2332, #3451, #1158 ) ;
#2673 = DIRECTION ( 'NONE',  ( 0.000000000000000000, 1.000000000000000000, -0.000000000000000000 ) ) ;
#2674 = CARTESIAN_POINT ( 'NONE',  ( 14.00000000000000711, 0.000000000000000000, 20.24264068711940823 ) ) ;
#2675 = ORIENTED_EDGE ( 'NONE', *, *, #2628, .T. ) ;
#2676 = ORIENTED_EDGE ( 'NONE', *, *, #3297, .T. ) ;
#2677 = DIRECTION ( 'NONE',  ( -0.000000000000000000, -1.000000000000000000, -0.000000000000000000 ) ) ;
#2678 = FACE_OUTER_BOUND ( 'NONE', #149, .T. ) ;
#2679 = DIRECTION ( 'NONE',  ( -4.336808689942017736E-16, 0.000000000000000000, -1.000000000000000000 ) ) ;
#2680 = EDGE_CURVE ( 'NONE', #2146, #522, #2076, .T. ) ;
#2681 = ORIENTED_EDGE ( 'NONE', *, *, #2596, .T. ) ;
#2682 = VERTEX_POINT ( 'NONE', #1096 ) ;
#2683 = FACE_BOUND ( 'NONE', #3025, .T. ) ;
#2684 = DIRECTION ( 'NONE',  ( 0.000000000000000000, 0.000000000000000000, 1.000000000000000000 ) ) ;
#2685 = ORIENTED_EDGE ( 'NONE', *, *, #3449, .F. ) ;
#2686 = EDGE_CURVE ( 'NONE', #1740, #462, #1061, .T. ) ;
#2687 = VECTOR ( 'NONE', #3404, 1000.000000000000000 ) ;
#2688 = CARTESIAN_POINT ( 'NONE',  ( -9.500000000000000000, 23.00000000000000000, 4.250000000000034639 ) ) ;
#2689 = ORIENTED_EDGE ( 'NONE', *, *, #1990, .T. ) ;
#2690 = LINE ( 'NONE', #1852, #3299 ) ;
#2691 = DIRECTION ( 'NONE',  ( -1.000000000000000000, -0.000000000000000000, 0.000000000000000000 ) ) ;
#2692 = AXIS2_PLACEMENT_3D ( 'NONE', #466, #1572, #1344 ) ;
#2693 = EDGE_CURVE ( 'NONE', #3536, #511, #619, .T. ) ;
#2694 = CARTESIAN_POINT ( 'NONE',  ( -12.49999999999999645, 0.000000000000000000, -2.550000000000000711 ) ) ;
#2695 =( NAMED_UNIT ( * ) SI_UNIT ( $, .STERADIAN. ) SOLID_ANGLE_UNIT ( ) );
#2696 = ORIENTED_EDGE ( 'NONE', *, *, #2477, .F. ) ;
#2697 = DIRECTION ( 'NONE',  ( -0.000000000000000000, 1.224646799147353454E-16, -1.000000000000000000 ) ) ;
#2698 = ORIENTED_EDGE ( 'NONE', *, *, #1301, .F. ) ;
#2699 = FACE_BOUND ( 'NONE', #2164, .T. ) ;
#2700 = DIRECTION ( 'NONE',  ( 4.336808689942017736E-16, -0.000000000000000000, 1.000000000000000000 ) ) ;
#2701 = ADVANCED_FACE ( 'NONE', ( #865 ), #795, .F. ) ;
#2702 = DIRECTION ( 'NONE',  ( 0.000000000000000000, -0.8682431421244589664, -0.4961389383568342581 ) ) ;
#2703 = DIRECTION ( 'NONE',  ( 0.000000000000000000, -0.8682431421244589664, -0.4961389383568342581 ) ) ;
#2704 = CARTESIAN_POINT ( 'NONE',  ( 13.99999999999999645, 16.00000000000001421, 21.24264068711941889 ) ) ;
#2705 = CYLINDRICAL_SURFACE ( 'NONE', #2987, 3.050000000000004707 ) ;
#2706 = DIRECTION ( 'NONE',  ( 0.000000000000000000, 0.000000000000000000, 1.000000000000000000 ) ) ;
#2707 = EDGE_LOOP ( 'NONE', ( #1651, #248, #1387, #3300 ) ) ;
#2708 = ORIENTED_EDGE ( 'NONE', *, *, #1881, .F. ) ;
#2709 = EDGE_CURVE ( 'NONE', #1130, #3325, #2536, .T. ) ;
#2710 = CARTESIAN_POINT ( 'NONE',  ( -3.205502103070426739E-16, -2.505706757528373352, 1.382236825674619141 ) ) ;
#2711 = CARTESIAN_POINT ( 'NONE',  ( 23.49999999999999289, 7.238095238095237249, 16.24264068711940823 ) ) ;
#2712 = VECTOR ( 'NONE', #2167, 1000.000000000000000 ) ;
#2713 = AXIS2_PLACEMENT_3D ( 'NONE', #1293, #739, #1071 ) ;
#2714 = CARTESIAN_POINT ( 'NONE',  ( -19.74264068711959652, 24.00000000000000000, 7.242640687119425991 ) ) ;
#2715 = ADVANCED_FACE ( 'NONE', ( #2750 ), #2733, .F. ) ;
#2716 = CIRCLE ( 'NONE', #966, 0.5000000000000002220 ) ;
#2717 = ORIENTED_EDGE ( 'NONE', *, *, #2815, .T. ) ;
#2718 = AXIS2_PLACEMENT_3D ( 'NONE', #679, #2909, #3143 ) ;
#2719 = LINE ( 'NONE', #219, #971 ) ;
#2720 = AXIS2_PLACEMENT_3D ( 'NONE', #2181, #228, #792 ) ;
#2721 = LINE ( 'NONE', #2400, #1070 ) ;
#2722 = ORIENTED_EDGE ( 'NONE', *, *, #2503, .F. ) ;
#2723 = DIRECTION ( 'NONE',  ( 0.000000000000000000, 0.000000000000000000, 1.000000000000000000 ) ) ;
#2724 = VECTOR ( 'NONE', #2626, 1000.000000000000000 ) ;
#2725 = CARTESIAN_POINT ( 'NONE',  ( -24.50000000000000355, 13.20945885274676179, 11.74264068711943310 ) ) ;
#2726 = LINE ( 'NONE', #1605, #2886 ) ;
#2727 = AXIS2_PLACEMENT_3D ( 'NONE', #1075, #1058, #2993 ) ;
#2728 = ORIENTED_EDGE ( 'NONE', *, *, #560, .F. ) ;
#2729 = EDGE_LOOP ( 'NONE', ( #2728, #1799, #1772, #1440, #401, #3530, #3265, #3089, #2600, #2337, #194, #1057, #1623 ) ) ;
#2730 = CARTESIAN_POINT ( 'NONE',  ( -23.49999999999999289, 11.92315482793935999, 16.24264068711937270 ) ) ;
#2731 = CYLINDRICAL_SURFACE ( 'NONE', #2720, 2.061552812808828516 ) ;
#2732 = EDGE_CURVE ( 'NONE', #1172, #522, #1349, .T. ) ;
#2733 = PLANE ( 'NONE',  #3306 ) ;
#2734 = LINE ( 'NONE', #2752, #1624 ) ;
#2735 = ORIENTED_EDGE ( 'NONE', *, *, #3092, .T. ) ;
#2736 = EDGE_CURVE ( 'NONE', #2459, #2350, #3321, .T. ) ;
#2737 = CARTESIAN_POINT ( 'NONE',  ( -17.96375646594528064, 13.39449915012930603, 14.24264068711942244 ) ) ;
#2738 = AXIS2_PLACEMENT_3D ( 'NONE', #545, #2221, #3340 ) ;
#2739 = CYLINDRICAL_SURFACE ( 'NONE', #3537, 3.200000000000001510 ) ;
#2740 = CARTESIAN_POINT ( 'NONE',  ( 23.49999999999999289, 11.92315482793935466, 16.24264068711941533 ) ) ;
#2741 = DIRECTION ( 'NONE',  ( 0.000000000000000000, 0.000000000000000000, -1.000000000000000000 ) ) ;
#2742 = CARTESIAN_POINT ( 'NONE',  ( 19.74264068711959652, 24.00000000000000000, 7.242640687119425991 ) ) ;
#2743 = AXIS2_PLACEMENT_3D ( 'NONE', #2067, #116, #2345 ) ;
#2744 = EDGE_CURVE ( 'NONE', #1033, #3217, #1927, .T. ) ;
#2745 = ORIENTED_EDGE ( 'NONE', *, *, #133, .T. ) ;
#2746 = AXIS2_PLACEMENT_3D ( 'NONE', #3123, #623, #3416 ) ;
#2747 = EDGE_LOOP ( 'NONE', ( #10, #439, #3234, #2061, #1418, #3324, #3060, #1912 ) ) ;
#2748 = CARTESIAN_POINT ( 'NONE',  ( 13.99999999999999645, 3.000000000000000000, 8.242640687119424214 ) ) ;
#2749 = CARTESIAN_POINT ( 'NONE',  ( 13.99999999999999645, 16.00000000000001421, 7.030467603725113257 ) ) ;
#2750 = FACE_OUTER_BOUND ( 'NONE', #3357, .T. ) ;
#2751 = EDGE_CURVE ( 'NONE', #804, #842, #263, .T. ) ;
#2752 = CARTESIAN_POINT ( 'NONE',  ( -9.500000000000000000, -5.817072295949928215E-15, 44.50000000000000000 ) ) ;
#2753 = VERTEX_POINT ( 'NONE', #2220 ) ;
#2754 = CARTESIAN_POINT ( 'NONE',  ( -19.99999999999998934, 4.571428571428567622, 21.24264068711941889 ) ) ;
#2755 = PLANE ( 'NONE',  #2826 ) ;
#2756 = CARTESIAN_POINT ( 'NONE',  ( -12.99999999999999645, 20.71331991438993114, 25.08771745938487285 ) ) ;
#2757 = CARTESIAN_POINT ( 'NONE',  ( 12.49999999999999645, 0.000000000000000000, -3.000000000000003997 ) ) ;
#2758 = LINE ( 'NONE', #3386, #1022 ) ;
#2759 = EDGE_LOOP ( 'NONE', ( #1213, #2250, #2870, #1040, #2052, #2322, #863, #2825, #1515, #31, #817, #2527 ) ) ;
#2760 = CARTESIAN_POINT ( 'NONE',  ( 9.500000000000000000, 14.00535169487284115, 8.242640687119433096 ) ) ;
#2761 = DIRECTION ( 'NONE',  ( -1.000000000000000000, -9.637352644315549637E-17, 8.054073281320901773E-16 ) ) ;
#2762 = DIRECTION ( 'NONE',  ( -1.000000000000000000, 0.000000000000000000, 4.956352788505163268E-16 ) ) ;
#2763 = DIRECTION ( 'NONE',  ( -0.000000000000000000, -1.000000000000000000, -0.000000000000000000 ) ) ;
#2764 = VECTOR ( 'NONE', #221, 1000.000000000000000 ) ;
#2765 = DIRECTION ( 'NONE',  ( 0.000000000000000000, -1.000000000000000000, -0.000000000000000000 ) ) ;
#2766 = CIRCLE ( 'NONE', #1600, 2.061552812808828516 ) ;
#2767 = VERTEX_POINT ( 'NONE', #2517 ) ;
#2768 = DIRECTION ( 'NONE',  ( 0.2568497389111222828, 0.9664513498471034580, -0.000000000000000000 ) ) ;
#2769 = FACE_OUTER_BOUND ( 'NONE', #137, .T. ) ;
#2770 = AXIS2_PLACEMENT_3D ( 'NONE', #3512, #197, #2113 ) ;
#2771 = CARTESIAN_POINT ( 'NONE',  ( 0.000000000000000000, 0.000000000000000000, 0.000000000000000000 ) ) ;
#2772 = AXIS2_PLACEMENT_3D ( 'NONE', #3278, #2691, #3518 ) ;
#2773 = CARTESIAN_POINT ( 'NONE',  ( 12.49999999999998757, 16.00000000000001421, 7.242640687119426879 ) ) ;
#2774 = ORIENTED_EDGE ( 'NONE', *, *, #3053, .T. ) ;
#2775 = CYLINDRICAL_SURFACE ( 'NONE', #1719, 0.9999999999999991118 ) ;
#2776 = VECTOR ( 'NONE', #2927, 1000.000000000000114 ) ;
#2777 = VECTOR ( 'NONE', #1727, 1000.000000000000000 ) ;
#2778 = ORIENTED_EDGE ( 'NONE', *, *, #932, .T. ) ;
#2779 = FACE_OUTER_BOUND ( 'NONE', #2759, .T. ) ;
#2780 = CARTESIAN_POINT ( 'NONE',  ( -24.50000000000000000, 0.000000000000000000, 20.24264068711939757 ) ) ;
#2781 = VECTOR ( 'NONE', #2474, 1000.000000000000114 ) ;
#2782 = CARTESIAN_POINT ( 'NONE',  ( -4.499999999999976907, 14.94929419610838828, 18.33873515681033339 ) ) ;
#2783 = ADVANCED_FACE ( 'NONE', ( #823 ), #1940, .T. ) ;
#2784 = DIRECTION ( 'NONE',  ( 1.000000000000000000, -0.000000000000000000, 8.095376221225113908E-16 ) ) ;
#2785 = CARTESIAN_POINT ( 'NONE',  ( 6.000000000000003553, 17.95701631939472520, 13.07522144105925221 ) ) ;
#2786 = ORIENTED_EDGE ( 'NONE', *, *, #3511, .F. ) ;
#2787 = LINE ( 'NONE', #2242, #3313 ) ;
#2788 = DIRECTION ( 'NONE',  ( 2.151659659284525201E-16, 0.8682431421244590775, 0.4961389383568339806 ) ) ;
#2789 = DIRECTION ( 'NONE',  ( 0.000000000000000000, 0.000000000000000000, 1.000000000000000000 ) ) ;
#2790 = EDGE_CURVE ( 'NONE', #551, #2449, #2239, .T. ) ;
#2791 = FACE_OUTER_BOUND ( 'NONE', #629, .T. ) ;
#2792 = ORIENTED_EDGE ( 'NONE', *, *, #1609, .T. ) ;
#2793 = LINE ( 'NONE', #1399, #561 ) ;
#2794 = EDGE_CURVE ( 'NONE', #2900, #1002, #1441, .T. ) ;
#2795 = VECTOR ( 'NONE', #1126, 1000.000000000000000 ) ;
#2796 = CARTESIAN_POINT ( 'NONE',  ( 13.00000000000001776, 20.71331991438992759, 25.08771745938486930 ) ) ;
#2797 = CARTESIAN_POINT ( 'NONE',  ( -19.99999999999998934, 0.000000000000000000, 21.24264068711940467 ) ) ;
#2798 = CARTESIAN_POINT ( 'NONE',  ( -14.89647917781742059, 0.000000000000000000, 7.242640687119425102 ) ) ;
#2799 = VECTOR ( 'NONE', #1514, 1000.000000000000000 ) ;
#2800 = DIRECTION ( 'NONE',  ( 0.000000000000000000, -0.4961389383568334810, 0.8682431421244595215 ) ) ;
#2801 = CARTESIAN_POINT ( 'NONE',  ( 9.500000000000000000, 23.00000000000000000, 4.250000000000034639 ) ) ;
#2802 = CARTESIAN_POINT ( 'NONE',  ( -12.49999999999998757, 23.92818622519841298, 7.242640687119426879 ) ) ;
#2803 = ORIENTED_EDGE ( 'NONE', *, *, #1591, .T. ) ;
#2804 = ORIENTED_EDGE ( 'NONE', *, *, #2843, .T. ) ;
#2805 = CARTESIAN_POINT ( 'NONE',  ( 2.582586345743714662E-31, 24.00000000000000000, 1.506315562951243032E-15 ) ) ;
#2806 = CARTESIAN_POINT ( 'NONE',  ( -24.50000000000000000, 14.00535169487283049, 20.24264068711939757 ) ) ;
#2807 = DIRECTION ( 'NONE',  ( 0.000000000000000000, 1.000000000000000000, -0.000000000000000000 ) ) ;
#2808 = DIRECTION ( 'NONE',  ( -1.000000000000000000, 2.478176394252580648E-16, -0.000000000000000000 ) ) ;
#2809 = DIRECTION ( 'NONE',  ( 1.000000000000000000, -0.000000000000000000, 8.673617379884046319E-16 ) ) ;
#2810 = EDGE_LOOP ( 'NONE', ( #64, #2224, #3410, #850, #1562, #535, #775, #1234 ) ) ;
#2811 = CARTESIAN_POINT ( 'NONE',  ( -12.99999999999999645, 5.705597791103598659, 51.35123117513594337 ) ) ;
#2812 = DIRECTION ( 'NONE',  ( 0.000000000000000000, -1.000000000000000000, 0.000000000000000000 ) ) ;
#2813 = LINE ( 'NONE', #598, #218 ) ;
#2814 = EDGE_CURVE ( 'NONE', #1718, #1172, #2016, .T. ) ;
#2815 = EDGE_CURVE ( 'NONE', #1252, #277, #3135, .T. ) ;
#2816 = LINE ( 'NONE', #3550, #3513 ) ;
#2817 = CARTESIAN_POINT ( 'NONE',  ( 12.49999999999998934, 23.73648628424891882, 7.703789689683802067 ) ) ;
#2818 = FACE_OUTER_BOUND ( 'NONE', #2027, .T. ) ;
#2819 = CARTESIAN_POINT ( 'NONE',  ( -13.99999999999999645, 3.000000000000000000, 8.242640687119422438 ) ) ;
#2820 = EDGE_CURVE ( 'NONE', #2415, #927, #2623, .T. ) ;
#2821 = DIRECTION ( 'NONE',  ( -0.000000000000000000, -1.000000000000000000, -0.000000000000000000 ) ) ;
#2822 = DIRECTION ( 'NONE',  ( 1.868163743359639168E-16, 1.000000000000000000, 0.000000000000000000 ) ) ;
#2823 = EDGE_LOOP ( 'NONE', ( #3070, #2370, #2502, #2681 ) ) ;
#2824 = DIRECTION ( 'NONE',  ( -1.916122641910825015E-15, 0.000000000000000000, 1.000000000000000000 ) ) ;
#2825 = ORIENTED_EDGE ( 'NONE', *, *, #298, .F. ) ;
#2826 = AXIS2_PLACEMENT_3D ( 'NONE', #799, #34, #1143 ) ;
#2827 = FACE_OUTER_BOUND ( 'NONE', #527, .T. ) ;
#2828 = ORIENTED_EDGE ( 'NONE', *, *, #2664, .F. ) ;
#2829 = ADVANCED_FACE ( 'NONE', ( #898, #3447 ), #48, .T. ) ;
#2830 = VECTOR ( 'NONE', #944, 1000.000000000000000 ) ;
#2831 = VECTOR ( 'NONE', #2202, 1000.000000000000000 ) ;
#2832 = VECTOR ( 'NONE', #1660, 1000.000000000000000 ) ;
#2833 = CARTESIAN_POINT ( 'NONE',  ( 19.74264068711959652, 16.00000000000001421, 7.242640687119425991 ) ) ;
#2834 = CARTESIAN_POINT ( 'NONE',  ( -9.500000000000000000, 0.000000000000000000, 35.24264068711941889 ) ) ;
#2835 = AXIS2_PLACEMENT_3D ( 'NONE', #1202, #2324, #704 ) ;
#2836 = ORIENTED_EDGE ( 'NONE', *, *, #596, .F. ) ;
#2837 = DIRECTION ( 'NONE',  ( 0.000000000000000000, 1.000000000000000000, 0.000000000000000000 ) ) ;
#2838 = ADVANCED_FACE ( 'NONE', ( #320 ), #3394, .T. ) ;
#2839 = ORIENTED_EDGE ( 'NONE', *, *, #1020, .T. ) ;
#2840 = FACE_OUTER_BOUND ( 'NONE', #14, .T. ) ;
#2841 = FACE_OUTER_BOUND ( 'NONE', #2327, .T. ) ;
#2842 = DIRECTION ( 'NONE',  ( -0.6060432152628563163, -0.7954317200324986237, 0.000000000000000000 ) ) ;
#2843 = EDGE_CURVE ( 'NONE', #2947, #3524, #2019, .T. ) ;
#2844 = VERTEX_POINT ( 'NONE', #1741 ) ;
#2845 = DIRECTION ( 'NONE',  ( 2.151659659284525201E-16, 0.8682431421244590775, 0.4961389383568339806 ) ) ;
#2846 = EDGE_LOOP ( 'NONE', ( #3254, #3019, #2053, #3203 ) ) ;
#2847 = CARTESIAN_POINT ( 'NONE',  ( 6.999999999999997335, 23.00000000000000000, 3.252606517456513302E-16 ) ) ;
#2848 = CARTESIAN_POINT ( 'NONE',  ( 12.49999999999999645, 24.00000000000000000, -4.592425496802572789E-15 ) ) ;
#2849 = DIRECTION ( 'NONE',  ( -2.151659659284524954E-16, -0.8682431421244590775, -0.4961389383568339806 ) ) ;
#2850 = ADVANCED_FACE ( 'NONE', ( #2074 ), #937, .F. ) ;
#2851 = ORIENTED_EDGE ( 'NONE', *, *, #2245, .F. ) ;
#2852 = VECTOR ( 'NONE', #2535, 1000.000000000000114 ) ;
#2853 = ORIENTED_EDGE ( 'NONE', *, *, #428, .T. ) ;
#2854 = DIRECTION ( 'NONE',  ( 0.000000000000000000, 0.000000000000000000, 1.000000000000000000 ) ) ;
#2855 = AXIS2_PLACEMENT_3D ( 'NONE', #3519, #2975, #192 ) ;
#2856 = CARTESIAN_POINT ( 'NONE',  ( -12.99999999999999645, 20.71331991438993114, 25.08771745938487285 ) ) ;
#2857 = ORIENTED_EDGE ( 'NONE', *, *, #2814, .F. ) ;
#2858 = CARTESIAN_POINT ( 'NONE',  ( 14.00000000000000711, 24.00000000000000000, 30.40779207703108256 ) ) ;
#2859 = EDGE_CURVE ( 'NONE', #3171, #2083, #3124, .T. ) ;
#2860 = EDGE_LOOP ( 'NONE', ( #1640, #2651, #2295, #3473 ) ) ;
#2861 = DIRECTION ( 'NONE',  ( 0.7071067811865475727, 0.000000000000000000, 0.7071067811865475727 ) ) ;
#2862 = ORIENTED_EDGE ( 'NONE', *, *, #3061, .F. ) ;
#2863 = CARTESIAN_POINT ( 'NONE',  ( -9.500000000000001776, 0.000000000000000000, 35.24264068711941889 ) ) ;
#2864 = ORIENTED_EDGE ( 'NONE', *, *, #3601, .T. ) ;
#2865 = ORIENTED_EDGE ( 'NONE', *, *, #1990, .F. ) ;
#2866 = DIRECTION ( 'NONE',  ( 0.000000000000000000, 0.000000000000000000, -1.000000000000000000 ) ) ;
#2867 = CARTESIAN_POINT ( 'NONE',  ( -12.99999999999999645, 20.71331991438993114, 25.08771745938487285 ) ) ;
#2868 = CARTESIAN_POINT ( 'NONE',  ( 5.256760911940725310E-15, 20.00000000000000711, 14.24264068711941356 ) ) ;
#2869 = EDGE_LOOP ( 'NONE', ( #2302, #437, #1994, #207, #1838, #913, #119, #1510 ) ) ;
#2870 = ORIENTED_EDGE ( 'NONE', *, *, #1377, .T. ) ;
#2871 = CARTESIAN_POINT ( 'NONE',  ( 24.49999999999997868, 0.000000000000000000, -2.055647319032517985E-14 ) ) ;
#2872 = EDGE_CURVE ( 'NONE', #2287, #476, #35, .T. ) ;
#2873 = ORIENTED_EDGE ( 'NONE', *, *, #577, .F. ) ;
#2874 = LINE ( 'NONE', #52, #1485 ) ;
#2875 = EDGE_LOOP ( 'NONE', ( #2271, #1635, #1520, #965 ) ) ;
#2876 = DIRECTION ( 'NONE',  ( -1.000000000000000000, 2.478176394252582620E-16, 1.046366436475615588E-31 ) ) ;
#2877 = ORIENTED_EDGE ( 'NONE', *, *, #1714, .T. ) ;
#2878 = ORIENTED_EDGE ( 'NONE', *, *, #3214, .F. ) ;
#2879 = DIRECTION ( 'NONE',  ( 1.000000000000000000, -2.668805347656624706E-16, 0.000000000000000000 ) ) ;
#2880 = VERTEX_POINT ( 'NONE', #2550 ) ;
#2881 = CARTESIAN_POINT ( 'NONE',  ( -15.37850129955189260, -8.207716093624737752, 14.24264068711942244 ) ) ;
#2882 = EDGE_LOOP ( 'NONE', ( #1186, #2786, #2853, #2177 ) ) ;
#2883 = ORIENTED_EDGE ( 'NONE', *, *, #1525, .F. ) ;
#2884 = CYLINDRICAL_SURFACE ( 'NONE', #1549, 2.999999999999999112 ) ;
#2885 = AXIS2_PLACEMENT_3D ( 'NONE', #587, #1692, #671 ) ;
#2886 = VECTOR ( 'NONE', #178, 1000.000000000000000 ) ;
#2887 = LINE ( 'NONE', #1451, #1161 ) ;
#2888 = CYLINDRICAL_SURFACE ( 'NONE', #571, 0.9999999999999991118 ) ;
#2889 = AXIS2_PLACEMENT_3D ( 'NONE', #2450, #2703, #1897 ) ;
#2890 = VECTOR ( 'NONE', #337, 1000.000000000000000 ) ;
#2891 = ORIENTED_EDGE ( 'NONE', *, *, #2638, .F. ) ;
#2892 = AXIS2_PLACEMENT_3D ( 'NONE', #701, #1790, #3476 ) ;
#2893 =( BOUNDED_CURVE ( )  B_SPLINE_CURVE ( 3, ( #647, #77, #2307, #3426 ),
 .UNSPECIFIED., .F., .F. ) 
 B_SPLINE_CURVE_WITH_KNOTS ( ( 4, 4 ),
 ( 1.982313172862385064, 3.141592653589793560 ),
 .UNSPECIFIED. ) 
 CURVE ( )  GEOMETRIC_REPRESENTATION_ITEM ( )  RATIONAL_B_SPLINE_CURVE ( ( 1.000000000000000000, 0.8911066843560503381, 0.8911066843560503381, 1.000000000000000000 ) ) 
 REPRESENTATION_ITEM ( '' )  );
#2894 = EDGE_LOOP ( 'NONE', ( #1587, #3397, #2641, #3464, #368, #1919, #2481, #2505 ) ) ;
#2895 = ORIENTED_EDGE ( 'NONE', *, *, #347, .F. ) ;
#2896 = EDGE_CURVE ( 'NONE', #858, #834, #2294, .T. ) ;
#2897 = AXIS2_PLACEMENT_3D ( 'NONE', #326, #2807, #1989 ) ;
#2898 = PLANE ( 'NONE',  #1663 ) ;
#2899 = AXIS2_PLACEMENT_3D ( 'NONE', #2583, #2605, #1191 ) ;
#2900 = VERTEX_POINT ( 'NONE', #1758 ) ;
#2901 = DIRECTION ( 'NONE',  ( 7.028754886996123166E-16, 0.4961389383568339251, -0.8682431421244590775 ) ) ;
#2902 = DIRECTION ( 'NONE',  ( -0.6949420556350749401, -0.1846918477339466458, -0.6949420556350845990 ) ) ;
#2903 = VECTOR ( 'NONE', #2147, 1000.000000000000000 ) ;
#2904 = EDGE_CURVE ( 'NONE', #2632, #1247, #1155, .T. ) ;
#2905 = ORIENTED_EDGE ( 'NONE', *, *, #2320, .F. ) ;
#2906 = VERTEX_POINT ( 'NONE', #2581 ) ;
#2907 = LINE ( 'NONE', #2082, #2163 ) ;
#2908 = ORIENTED_EDGE ( 'NONE', *, *, #1020, .F. ) ;
#2909 = DIRECTION ( 'NONE',  ( -0.2568497389111223383, 0.9664513498471035691, -0.000000000000000000 ) ) ;
#2910 = CIRCLE ( 'NONE', #1150, 2.000000000000000000 ) ;
#2911 = LINE ( 'NONE', #2257, #3311 ) ;
#2912 = EDGE_CURVE ( 'NONE', #2979, #432, #1476, .T. ) ;
#2913 = ADVANCED_FACE ( 'NONE', ( #1775 ), #2898, .F. ) ;
#2914 = DIRECTION ( 'NONE',  ( 1.000000000000000000, 0.000000000000000000, 8.095376221225113908E-16 ) ) ;
#2915 = FACE_OUTER_BOUND ( 'NONE', #660, .T. ) ;
#2916 = ADVANCED_FACE ( 'NONE', ( #2567 ), #1228, .F. ) ;
#2917 = ORIENTED_EDGE ( 'NONE', *, *, #1317, .T. ) ;
#2918 = ORIENTED_EDGE ( 'NONE', *, *, #1333, .F. ) ;
#2919 = VERTEX_POINT ( 'NONE', #1208 ) ;
#2920 = AXIS2_PLACEMENT_3D ( 'NONE', #2422, #1843, #600 ) ;
#2921 = DIRECTION ( 'NONE',  ( 2.151659659284525201E-16, 0.8682431421244590775, 0.4961389383568339806 ) ) ;
#2922 = VECTOR ( 'NONE', #300, 1000.000000000000000 ) ;
#2923 = EDGE_LOOP ( 'NONE', ( #1704, #1074, #1577, #2557, #2008, #2059, #2119, #2359, #1749, #1353, #3102, #1132 ) ) ;
#2924 = FACE_OUTER_BOUND ( 'NONE', #3301, .T. ) ;
#2925 = EDGE_LOOP ( 'NONE', ( #1832, #2340, #397, #106 ) ) ;
#2926 = DIRECTION ( 'NONE',  ( 0.000000000000000000, 1.000000000000000000, -0.000000000000000000 ) ) ;
#2927 = DIRECTION ( 'NONE',  ( -2.151659659284524954E-16, -0.8682431421244590775, -0.4961389383568339806 ) ) ;
#2928 = ORIENTED_EDGE ( 'NONE', *, *, #2693, .T. ) ;
#2929 = VECTOR ( 'NONE', #1639, 999.9999999999998863 ) ;
#2930 = VERTEX_POINT ( 'NONE', #1701 ) ;
#2931 = CARTESIAN_POINT ( 'NONE',  ( -13.04773088529816150, 0.000000000000000000, 4.479666407797287420 ) ) ;
#2932 = ORIENTED_EDGE ( 'NONE', *, *, #2293, .T. ) ;
#2933 = CARTESIAN_POINT ( 'NONE',  ( 12.49999999999998757, 23.97612545688032526, 7.068604270207027973 ) ) ;
#2934 = VERTEX_POINT ( 'NONE', #2817 ) ;
#2935 = EDGE_LOOP ( 'NONE', ( #3446, #1351, #1574, #2941, #1460 ) ) ;
#2936 = DIRECTION ( 'NONE',  ( 0.000000000000000000, 1.000000000000000000, -0.000000000000000000 ) ) ;
#2937 = EDGE_CURVE ( 'NONE', #3524, #1033, #2128, .T. ) ;
#2938 = LINE ( 'NONE', #1769, #1279 ) ;
#2939 = DIRECTION ( 'NONE',  ( 0.000000000000000000, 0.000000000000000000, 1.000000000000000000 ) ) ;
#2940 = VERTEX_POINT ( 'NONE', #213 ) ;
#2941 = ORIENTED_EDGE ( 'NONE', *, *, #1338, .F. ) ;
#2942 = ORIENTED_EDGE ( 'NONE', *, *, #21, .T. ) ;
#2943 = CARTESIAN_POINT ( 'NONE',  ( 15.50000000000002132, 0.000000000000000000, 49.24264068711939046 ) ) ;
#2944 = EDGE_CURVE ( 'NONE', #2228, #2930, #1578, .T. ) ;
#2945 = DIRECTION ( 'NONE',  ( -0.000000000000000000, -1.000000000000000000, -0.000000000000000000 ) ) ;
#2946 = ORIENTED_EDGE ( 'NONE', *, *, #51, .F. ) ;
#2947 = VERTEX_POINT ( 'NONE', #2443 ) ;
#2948 = ADVANCED_FACE ( 'NONE', ( #2683, #2699, #167, #2994 ), #1315, .F. ) ;
#2949 = CARTESIAN_POINT ( 'NONE',  ( 20.00000000000001421, 14.40540505871244115, 21.24264068711941889 ) ) ;
#2950 = VERTEX_POINT ( 'NONE', #2711 ) ;
#2951 = DIRECTION ( 'NONE',  ( -1.000000000000000000, -0.000000000000000000, 4.336808689942017736E-16 ) ) ;
#2952 = ORIENTED_EDGE ( 'NONE', *, *, #3403, .F. ) ;
#2953 = ORIENTED_EDGE ( 'NONE', *, *, #1755, .F. ) ;
#2954 = CARTESIAN_POINT ( 'NONE',  ( -23.49999999999999289, 7.238095238095237249, 16.24264068711936559 ) ) ;
#2955 = CARTESIAN_POINT ( 'NONE',  ( 9.500000000000001776, 15.00535169487283760, 8.242640687119429543 ) ) ;
#2956 = LINE ( 'NONE', #916, #736 ) ;
#2957 = ORIENTED_EDGE ( 'NONE', *, *, #3092, .F. ) ;
#2958 = VECTOR ( 'NONE', #1583, 1000.000000000000000 ) ;
#2959 = CIRCLE ( 'NONE', #261, 2.550000000000000711 ) ;
#2960 = CARTESIAN_POINT ( 'NONE',  ( -23.49999999999998934, 11.92315482793935999, 12.24264068711943310 ) ) ;
#2961 = ORIENTED_EDGE ( 'NONE', *, *, #1334, .F. ) ;
#2962 = VECTOR ( 'NONE', #1879, 1000.000000000000000 ) ;
#2963 = DIRECTION ( 'NONE',  ( -0.9664513498471032360, -0.2568497389111231710, 0.000000000000000000 ) ) ;
#2964 = EDGE_CURVE ( 'NONE', #1383, #3341, #745, .T. ) ;
#2965 = AXIS2_PLACEMENT_3D ( 'NONE', #1511, #1128, #1491 ) ;
#2966 = DIRECTION ( 'NONE',  ( -0.000000000000000000, -1.000000000000000000, 0.000000000000000000 ) ) ;
#2967 = EDGE_CURVE ( 'NONE', #2112, #3015, #1360, .T. ) ;
#2968 = EDGE_LOOP ( 'NONE', ( #2369, #1050, #1329, #1507, #2399, #310 ) ) ;
#2969 = ORIENTED_EDGE ( 'NONE', *, *, #2289, .T. ) ;
#2970 = VECTOR ( 'NONE', #806, 1000.000000000000000 ) ;
#2971 = DIRECTION ( 'NONE',  ( 0.000000000000000000, 0.8682431421244590775, 0.4961389383568339806 ) ) ;
#2972 = DIRECTION ( 'NONE',  ( -1.000000000000000000, -0.000000000000000000, 4.336808689942017736E-16 ) ) ;
#2973 = LINE ( 'NONE', #1619, #563 ) ;
#2974 = CARTESIAN_POINT ( 'NONE',  ( 16.24440017689384419, 15.40351513861670441, 22.88171882705718474 ) ) ;
#2975 = DIRECTION ( 'NONE',  ( 1.000000000000000000, 0.000000000000000000, -4.336808689942018229E-16 ) ) ;
#2976 = CARTESIAN_POINT ( 'NONE',  ( -9.500000000000001776, 3.999999999999997335, 35.74264068711941889 ) ) ;
#2977 = ORIENTED_EDGE ( 'NONE', *, *, #244, .F. ) ;
#2978 = EDGE_LOOP ( 'NONE', ( #942, #925, #1642, #3348, #601, #3179, #3177, #583 ) ) ;
#2979 = VERTEX_POINT ( 'NONE', #1244 ) ;
#2980 = ADVANCED_FACE ( 'NONE', ( #2666 ), #1517, .T. ) ;
#2981 = CARTESIAN_POINT ( 'NONE',  ( -11.90258380183474607, 14.00535169487284470, 8.242640687119425991 ) ) ;
#2982 = CARTESIAN_POINT ( 'NONE',  ( -4.499999999999976907, 16.99227787671367906, 19.50615440287049296 ) ) ;
#2983 = LINE ( 'NONE', #1015, #3077 ) ;
#2984 = ORIENTED_EDGE ( 'NONE', *, *, #3214, .T. ) ;
#2985 = DIRECTION ( 'NONE',  ( 2.151659659284525201E-16, 0.8682431421244590775, 0.4961389383568339806 ) ) ;
#2986 = CARTESIAN_POINT ( 'NONE',  ( -24.88328648698383105, 8.292027799606731975, 14.85935420013551145 ) ) ;
#2987 = AXIS2_PLACEMENT_3D ( 'NONE', #1037, #1324, #2160 ) ;
#2988 = EDGE_CURVE ( 'NONE', #2682, #1740, #1265, .T. ) ;
#2989 = FACE_OUTER_BOUND ( 'NONE', #478, .T. ) ;
#2990 = EDGE_LOOP ( 'NONE', ( #3168, #2401, #1487, #873 ) ) ;
#2991 = VERTEX_POINT ( 'NONE', #999 ) ;
#2992 = ADVANCED_FACE ( 'NONE', ( #471, #1538 ), #3269, .T. ) ;
#2993 = DIRECTION ( 'NONE',  ( 0.000000000000000000, 0.000000000000000000, 1.000000000000000000 ) ) ;
#2994 = FACE_OUTER_BOUND ( 'NONE', #2810, .T. ) ;
#2995 = CARTESIAN_POINT ( 'NONE',  ( 24.50000000000001421, 0.000000000000000000, 35.24264068711940467 ) ) ;
#2996 = FACE_OUTER_BOUND ( 'NONE', #393, .T. ) ;
#2997 = ORIENTED_EDGE ( 'NONE', *, *, #2174, .F. ) ;
#2998 = ORIENTED_EDGE ( 'NONE', *, *, #878, .T. ) ;
#2999 = CARTESIAN_POINT ( 'NONE',  ( 19.50000000000002132, 4.190476190476210228, 20.24264068711943310 ) ) ;
#3000 = LINE ( 'NONE', #2740, #387 ) ;
#3001 = CARTESIAN_POINT ( 'NONE',  ( 2.582586345743714662E-31, 23.00000000000000000, 1.506315562951243032E-15 ) ) ;
#3002 = DIRECTION ( 'NONE',  ( -0.000000000000000000, -1.000000000000000000, -0.000000000000000000 ) ) ;
#3003 = EDGE_CURVE ( 'NONE', #3510, #2357, #762, .T. ) ;
#3004 = ORIENTED_EDGE ( 'NONE', *, *, #2859, .F. ) ;
#3005 = VERTEX_POINT ( 'NONE', #182 ) ;
#3006 = CARTESIAN_POINT ( 'NONE',  ( -4.499999999999996447, 17.24034734589208639, 23.10316170595752538 ) ) ;
#3007 = FACE_OUTER_BOUND ( 'NONE', #1885, .T. ) ;
#3008 = EDGE_CURVE ( 'NONE', #1435, #476, #1283, .T. ) ;
#3009 = VECTOR ( 'NONE', #2821, 1000.000000000000000 ) ;
#3010 = CIRCLE ( 'NONE', #962, 0.9999999999999996669 ) ;
#3011 = LINE ( 'NONE', #3288, #2012 ) ;
#3012 = AXIS2_PLACEMENT_3D ( 'NONE', #3076, #2762, #1667 ) ;
#3013 = ORIENTED_EDGE ( 'NONE', *, *, #2647, .F. ) ;
#3014 = FACE_OUTER_BOUND ( 'NONE', #3443, .T. ) ;
#3015 = VERTEX_POINT ( 'NONE', #692 ) ;
#3016 = VECTOR ( 'NONE', #2237, 1000.000000000000000 ) ;
#3017 = EDGE_CURVE ( 'NONE', #1372, #196, #2376, .T. ) ;
#3018 = LINE ( 'NONE', #479, #2958 ) ;
#3019 = ORIENTED_EDGE ( 'NONE', *, *, #2330, .T. ) ;
#3020 = PLANE ( 'NONE',  #1782 ) ;
#3021 = DIRECTION ( 'NONE',  ( -0.000000000000000000, -1.000000000000000000, -0.000000000000000000 ) ) ;
#3022 = EDGE_CURVE ( 'NONE', #975, #3604, #2646, .T. ) ;
#3023 = DIRECTION ( 'NONE',  ( -1.000000000000000000, -0.000000000000000000, 0.000000000000000000 ) ) ;
#3024 = VECTOR ( 'NONE', #316, 1000.000000000000114 ) ;
#3025 = EDGE_LOOP ( 'NONE', ( #2298, #485 ) ) ;
#3026 = EDGE_CURVE ( 'NONE', #79, #2991, #1951, .T. ) ;
#3027 = CARTESIAN_POINT ( 'NONE',  ( -9.500000000000000000, 0.000000000000000000, -3.000000000000003997 ) ) ;
#3028 = DIRECTION ( 'NONE',  ( 0.000000000000000000, 0.000000000000000000, 1.000000000000000000 ) ) ;
#3029 = CARTESIAN_POINT ( 'NONE',  ( -9.500000000000001776, 3.999999999999997335, 35.74264068711941889 ) ) ;
#3030 = ORIENTED_EDGE ( 'NONE', *, *, #3017, .T. ) ;
#3031 = ORIENTED_EDGE ( 'NONE', *, *, #2471, .F. ) ;
#3032 = DIRECTION ( 'NONE',  ( 8.095376221225113908E-16, 0.000000000000000000, -1.000000000000000000 ) ) ;
#3033 = CIRCLE ( 'NONE', #2452, 0.9999999999999996669 ) ;
#3034 = DIRECTION ( 'NONE',  ( -1.000000000000000000, 0.000000000000000000, 4.336808689942017736E-16 ) ) ;
#3035 = CARTESIAN_POINT ( 'NONE',  ( -24.50000000000000000, 14.00535169487283760, 20.24264068711939757 ) ) ;
#3036 = EDGE_CURVE ( 'NONE', #3331, #1435, #1777, .T. ) ;
#3037 = ORIENTED_EDGE ( 'NONE', *, *, #2293, .F. ) ;
#3038 = CARTESIAN_POINT ( 'NONE',  ( -19.99999999999995026, 0.000000000000000000, 7.242640687119420662 ) ) ;
#3039 = LINE ( 'NONE', #1804, #1146 ) ;
#3040 = CARTESIAN_POINT ( 'NONE',  ( 24.50000000000001421, 3.999999999999997335, 33.68108787431057038 ) ) ;
#3041 = CARTESIAN_POINT ( 'NONE',  ( 24.50000000000001421, 5.683853811879071571, 34.55325582921162919 ) ) ;
#3042 = CARTESIAN_POINT ( 'NONE',  ( 9.500000000000000000, 23.00000000000000000, 4.250000000000034639 ) ) ;
#3043 = ORIENTED_EDGE ( 'NONE', *, *, #878, .F. ) ;
#3044 = VERTEX_POINT ( 'NONE', #456 ) ;
#3045 = DIRECTION ( 'NONE',  ( -0.000000000000000000, -1.000000000000000000, -0.000000000000000000 ) ) ;
#3046 = FACE_OUTER_BOUND ( 'NONE', #2894, .T. ) ;
#3047 = DIRECTION ( 'NONE',  ( 0.000000000000000000, -0.000000000000000000, -1.000000000000000000 ) ) ;
#3048 = EDGE_CURVE ( 'NONE', #2538, #2357, #2425, .T. ) ;
#3049 = LINE ( 'NONE', #2773, #996 ) ;
#3050 = ORIENTED_EDGE ( 'NONE', *, *, #3176, .T. ) ;
#3051 = LINE ( 'NONE', #1110, #680 ) ;
#3052 = ORIENTED_EDGE ( 'NONE', *, *, #1690, .F. ) ;
#3053 = EDGE_CURVE ( 'NONE', #968, #336, #2716, .T. ) ;
#3054 = LINE ( 'NONE', #1401, #2040 ) ;
#3055 = FACE_OUTER_BOUND ( 'NONE', #380, .T. ) ;
#3056 = DIRECTION ( 'NONE',  ( 0.000000000000000000, 0.000000000000000000, -1.000000000000000000 ) ) ;
#3057 = EDGE_CURVE ( 'NONE', #2333, #3337, #791, .T. ) ;
#3058 = LINE ( 'NONE', #2801, #1478 ) ;
#3059 = PLANE ( 'NONE',  #1444 ) ;
#3060 = ORIENTED_EDGE ( 'NONE', *, *, #3289, .T. ) ;
#3061 = EDGE_CURVE ( 'NONE', #2357, #2228, #281, .T. ) ;
#3062 = DIRECTION ( 'NONE',  ( -0.9664513498471035691, 0.2568497389111222828, 0.000000000000000000 ) ) ;
#3063 = DIRECTION ( 'NONE',  ( 0.000000000000000000, 1.000000000000000000, 0.000000000000000000 ) ) ;
#3064 = AXIS2_PLACEMENT_3D ( 'NONE', #728, #1298, #487 ) ;
#3065 = DIRECTION ( 'NONE',  ( -0.000000000000000000, -0.4961389383568342581, 0.8682431421244589664 ) ) ;
#3066 = AXIS2_PLACEMENT_3D ( 'NONE', #835, #3332, #818 ) ;
#3067 = VECTOR ( 'NONE', #643, 1000.000000000000000 ) ;
#3068 = AXIS2_PLACEMENT_3D ( 'NONE', #2805, #547, #3379 ) ;
#3069 = DIRECTION ( 'NONE',  ( 8.673617379884046319E-16, 0.000000000000000000, -1.000000000000000000 ) ) ;
#3070 = ORIENTED_EDGE ( 'NONE', *, *, #589, .T. ) ;
#3071 = DIRECTION ( 'NONE',  ( 0.000000000000000000, -0.4961389383568342026, 0.8682431421244590775 ) ) ;
#3072 = ORIENTED_EDGE ( 'NONE', *, *, #832, .T. ) ;
#3073 = CARTESIAN_POINT ( 'NONE',  ( -23.50000000000001421, 11.92315482793935999, 41.76483792539831796 ) ) ;
#3074 = CARTESIAN_POINT ( 'NONE',  ( 12.49999999999998757, 16.00000000000001421, 7.242640687119426879 ) ) ;
#3075 = VECTOR ( 'NONE', #2640, 1000.000000000000114 ) ;
#3076 = CARTESIAN_POINT ( 'NONE',  ( 14.00000000000000888, 3.999999999999997335, 35.74264068711941178 ) ) ;
#3077 = VECTOR ( 'NONE', #2118, 1000.000000000000000 ) ;
#3078 = LINE ( 'NONE', #580, #2852 ) ;
#3079 = CARTESIAN_POINT ( 'NONE',  ( -13.99999999999999112, 0.000000000000000000, 30.40779207703107900 ) ) ;
#3080 = PLANE ( 'NONE',  #1873 ) ;
#3081 = EDGE_LOOP ( 'NONE', ( #2539, #868, #3438, #1398, #154, #1709, #1362 ) ) ;
#3082 = CYLINDRICAL_SURFACE ( 'NONE', #2313, 3.050000000000002931 ) ;
#3083 = PLANE ( 'NONE',  #2885 ) ;
#3084 = LINE ( 'NONE', #2006, #906 ) ;
#3085 = EDGE_LOOP ( 'NONE', ( #1891, #1536, #946, #2997 ) ) ;
#3086 = AXIS2_PLACEMENT_3D ( 'NONE', #2619, #976, #2092 ) ;
#3087 = LINE ( 'NONE', #591, #183 ) ;
#3088 = LINE ( 'NONE', #592, #65 ) ;
#3089 = ORIENTED_EDGE ( 'NONE', *, *, #1084, .T. ) ;
#3090 = PLANE ( 'NONE',  #3541 ) ;
#3091 = EDGE_CURVE ( 'NONE', #1243, #1033, #579, .T. ) ;
#3092 = EDGE_CURVE ( 'NONE', #451, #3151, #2475, .T. ) ;
#3093 = ORIENTED_EDGE ( 'NONE', *, *, #2964, .F. ) ;
#3094 = AXIS2_PLACEMENT_3D ( 'NONE', #627, #98, #3441 ) ;
#3095 = LINE ( 'NONE', #62, #118 ) ;
#3096 = CARTESIAN_POINT ( 'NONE',  ( -13.99999999999999467, 5.209458852746765345, 52.21947431726040634 ) ) ;
#3097 = VECTOR ( 'NONE', #2227, 1000.000000000000000 ) ;
#3098 = EDGE_CURVE ( 'NONE', #2930, #2538, #2217, .T. ) ;
#3099 = DIRECTION ( 'NONE',  ( 4.336808689942032034E-16, 0.8682431421244585223, 0.4961389383568349798 ) ) ;
#3100 = DIRECTION ( 'NONE',  ( 0.000000000000000000, -1.000000000000000000, 0.000000000000000000 ) ) ;
#3101 = CARTESIAN_POINT ( 'NONE',  ( 6.642813506556143822E-15, 14.00535169487283760, 8.242640687119436649 ) ) ;
#3102 = ORIENTED_EDGE ( 'NONE', *, *, #710, .F. ) ;
#3103 = EDGE_CURVE ( 'NONE', #3503, #1458, #1095, .T. ) ;
#3104 = DIRECTION ( 'NONE',  ( -0.000000000000000000, 1.224646799147353454E-16, -1.000000000000000000 ) ) ;
#3105 = CARTESIAN_POINT ( 'NONE',  ( 14.00000000000000888, 3.999999999999997335, 35.74264068711941178 ) ) ;
#3106 = DIRECTION ( 'NONE',  ( 0.000000000000000000, -0.4961389383568334810, 0.8682431421244595215 ) ) ;
#3107 = ORIENTED_EDGE ( 'NONE', *, *, #2471, .T. ) ;
#3108 = CARTESIAN_POINT ( 'NONE',  ( -24.49999999999997868, 0.000000000000000000, -2.055647319032517985E-14 ) ) ;
#3109 = CARTESIAN_POINT ( 'NONE',  ( -6.499999999999997335, 24.00000000000000000, 0.5000000000000017764 ) ) ;
#3110 = DIRECTION ( 'NONE',  ( -0.000000000000000000, -0.000000000000000000, 1.000000000000000000 ) ) ;
#3111 = LINE ( 'NONE', #2834, #3373 ) ;
#3112 = ADVANCED_FACE ( 'NONE', ( #3007 ), #2516, .F. ) ;
#3113 = EDGE_LOOP ( 'NONE', ( #3453, #1346, #1227, #1490, #3417, #1153, #3607, #901 ) ) ;
#3114 = DIRECTION ( 'NONE',  ( 1.000000000000000000, 0.000000000000000000, -8.095376221225113908E-16 ) ) ;
#3115 = CARTESIAN_POINT ( 'NONE',  ( 12.49999999999999645, 24.00000000000000000, -4.592425496802572789E-15 ) ) ;
#3116 = ADVANCED_FACE ( 'NONE', ( #3286 ), #1645, .F. ) ;
#3117 = ORIENTED_EDGE ( 'NONE', *, *, #1229, .F. ) ;
#3118 = CYLINDRICAL_SURFACE ( 'NONE', #1196, 7.242640687119608955 ) ;
#3119 = LINE ( 'NONE', #1232, #1248 ) ;
#3120 = FACE_OUTER_BOUND ( 'NONE', #952, .T. ) ;
#3121 = CIRCLE ( 'NONE', #1421, 2.061552812808828516 ) ;
#3122 = ADVANCED_FACE ( 'NONE', ( #774 ), #1367, .F. ) ;
#3123 = CARTESIAN_POINT ( 'NONE',  ( 5.142037302725970704, -6.748923959827832775, -3.001000000000003887 ) ) ;
#3124 = CIRCLE ( 'NONE', #1901, 0.5000000000000002220 ) ;
#3125 = CARTESIAN_POINT ( 'NONE',  ( 1.081182229982490149E-14, 16.00000000000000355, 21.24264068711940112 ) ) ;
#3126 = VECTOR ( 'NONE', #95, 1000.000000000000000 ) ;
#3127 = CARTESIAN_POINT ( 'NONE',  ( -24.49999999999998579, 0.000000000000000000, 7.242640687119417997 ) ) ;
#3128 = DIRECTION ( 'NONE',  ( -0.000000000000000000, -0.000000000000000000, 1.000000000000000000 ) ) ;
#3129 = VECTOR ( 'NONE', #1035, 1000.000000000000000 ) ;
#3130 = AXIS2_PLACEMENT_3D ( 'NONE', #2569, #128, #939 ) ;
#3131 = EDGE_LOOP ( 'NONE', ( #2440, #2905, #1877, #1467 ) ) ;
#3132 = VECTOR ( 'NONE', #1735, 1000.000000000000000 ) ;
#3133 = EDGE_CURVE ( 'NONE', #786, #2767, #1059, .T. ) ;
#3134 = VECTOR ( 'NONE', #2556, 1000.000000000000000 ) ;
#3135 = LINE ( 'NONE', #3431, #2890 ) ;
#3136 = VERTEX_POINT ( 'NONE', #1683 ) ;
#3137 = DIRECTION ( 'NONE',  ( 0.000000000000000000, 1.000000000000000000, -0.000000000000000000 ) ) ;
#3138 = DIRECTION ( 'NONE',  ( -0.000000000000000000, -1.000000000000000000, -0.000000000000000000 ) ) ;
#3139 = DIRECTION ( 'NONE',  ( -0.000000000000000000, 1.000000000000000000, 0.000000000000000000 ) ) ;
#3140 = VECTOR ( 'NONE', #490, 1000.000000000000000 ) ;
#3141 = VERTEX_POINT ( 'NONE', #2496 ) ;
#3142 = CARTESIAN_POINT ( 'NONE',  ( 9.500000000000003553, 15.00535169487283760, 9.242640687119413556 ) ) ;
#3143 = DIRECTION ( 'NONE',  ( -0.9664513498471035691, -0.2568497389111221163, 0.000000000000000000 ) ) ;
#3144 = ORIENTED_EDGE ( 'NONE', *, *, #954, .T. ) ;
#3145 = EDGE_LOOP ( 'NONE', ( #2343, #2251, #2610, #3611, #1299, #3198, #2212, #226 ) ) ;
#3146 = LINE ( 'NONE', #2389, #2079 ) ;
#3147 = DIRECTION ( 'NONE',  ( -2.151659659284524954E-16, -0.8682431421244590775, -0.4961389383568339806 ) ) ;
#3148 = CARTESIAN_POINT ( 'NONE',  ( -13.99999999999998757, 0.000000000000000000, -3.001999999999997559 ) ) ;
#3149 = ADVANCED_FACE ( 'NONE', ( #1348 ), #2731, .F. ) ;
#3150 = ORIENTED_EDGE ( 'NONE', *, *, #3287, .F. ) ;
#3151 = VERTEX_POINT ( 'NONE', #25 ) ;
#3152 = CARTESIAN_POINT ( 'NONE',  ( 24.50000000000001421, -2.602085213965209853E-15, 36.24264068711940467 ) ) ;
#3153 = VECTOR ( 'NONE', #19, 1000.000000000000000 ) ;
#3154 = VERTEX_POINT ( 'NONE', #299 ) ;
#3155 = CARTESIAN_POINT ( 'NONE',  ( -12.49999999999998401, 27.11990675752836921, 1.782803861444772986 ) ) ;
#3156 = DIRECTION ( 'NONE',  ( 1.000000000000000000, 2.312139710220244630E-16, -8.095376221225113908E-16 ) ) ;
#3157 = APPLICATION_PROTOCOL_DEFINITION ( 'draft international standard', 'automotive_design', 1998, #2042 ) ;
#3158 = DIRECTION ( 'NONE',  ( 0.000000000000000000, 0.000000000000000000, -1.000000000000000000 ) ) ;
#3159 = ORIENTED_EDGE ( 'NONE', *, *, #51, .T. ) ;
#3160 = CARTESIAN_POINT ( 'NONE',  ( -14.27951387646151105, 15.92571476442913792, 7.170625673743726836 ) ) ;
#3161 = ORIENTED_EDGE ( 'NONE', *, *, #1881, .T. ) ;
#3162 = ORIENTED_EDGE ( 'NONE', *, *, #3048, .T. ) ;
#3163 = DIRECTION ( 'NONE',  ( 0.2568497389111222828, 0.9664513498471034580, -0.000000000000000000 ) ) ;
#3164 = EDGE_CURVE ( 'NONE', #1837, #3295, #9, .T. ) ;
#3165 = DIRECTION ( 'NONE',  ( -1.000000000000000000, -0.000000000000000000, 0.000000000000000000 ) ) ;
#3166 = CARTESIAN_POINT ( 'NONE',  ( 14.00000000000001776, 21.20945885274676357, 24.21947431726041344 ) ) ;
#3167 = ORIENTED_EDGE ( 'NONE', *, *, #1825, .T. ) ;
#3168 = ORIENTED_EDGE ( 'NONE', *, *, #359, .T. ) ;
#3169 = EDGE_LOOP ( 'NONE', ( #84, #2348, #702, #148 ) ) ;
#3170 = DIRECTION ( 'NONE',  ( 0.000000000000000000, 1.000000000000000000, 0.000000000000000000 ) ) ;
#3171 = VERTEX_POINT ( 'NONE', #3590 ) ;
#3172 = EDGE_CURVE ( 'NONE', #771, #2080, #1908, .T. ) ;
#3173 = CARTESIAN_POINT ( 'NONE',  ( -12.49999999999999645, 24.00000000000000000, 0.000000000000000000 ) ) ;
#3174 = DIRECTION ( 'NONE',  ( 0.6949420556350797140, -0.1846918477339471454, -0.6949420556350797140 ) ) ;
#3175 = ORIENTED_EDGE ( 'NONE', *, *, #731, .F. ) ;
#3176 = EDGE_CURVE ( 'NONE', #2644, #1454, #847, .T. ) ;
#3177 = ORIENTED_EDGE ( 'NONE', *, *, #455, .T. ) ;
#3178 = CARTESIAN_POINT ( 'NONE',  ( -23.49999999999999289, 7.238095238095234585, 12.24264068711942954 ) ) ;
#3179 = ORIENTED_EDGE ( 'NONE', *, *, #2088, .T. ) ;
#3180 = DIRECTION ( 'NONE',  ( 2.151659659284525201E-16, 0.8682431421244591885, 0.4961389383568340361 ) ) ;
#3181 = ORIENTED_EDGE ( 'NONE', *, *, #1480, .F. ) ;
#3182 = FACE_OUTER_BOUND ( 'NONE', #3169, .T. ) ;
#3183 = AXIS2_PLACEMENT_3D ( 'NONE', #419, #2926, #940 ) ;
#3184 = CIRCLE ( 'NONE', #30, 2.550000000000000711 ) ;
#3185 = LINE ( 'NONE', #1818, #526 ) ;
#3186 = CARTESIAN_POINT ( 'NONE',  ( 23.49999999999998934, 11.92315482793935999, 12.24264068711944020 ) ) ;
#3187 = AXIS2_PLACEMENT_3D ( 'NONE', #3557, #1865, #1590 ) ;
#3188 = ORIENTED_EDGE ( 'NONE', *, *, #2396, .T. ) ;
#3189 = EDGE_LOOP ( 'NONE', ( #859, #2311, #338, #209, #2969, #2051, #484, #242, #2361, #114, #3004, #1750, #3050, #744 ) ) ;
#3190 = VERTEX_POINT ( 'NONE', #2166 ) ;
#3191 = VECTOR ( 'NONE', #1469, 1000.000000000000000 ) ;
#3192 = DIRECTION ( 'NONE',  ( 2.151659659284525201E-16, 0.8682431421244590775, 0.4961389383568339806 ) ) ;
#3193 = ORIENTED_EDGE ( 'NONE', *, *, #100, .T. ) ;
#3194 = CARTESIAN_POINT ( 'NONE',  ( -12.99999999999999822, 15.50386106164317823, 22.11088382924386764 ) ) ;
#3195 = DIRECTION ( 'NONE',  ( 0.000000000000000000, 1.000000000000000000, 0.000000000000000000 ) ) ;
#3196 = AXIS2_PLACEMENT_3D ( 'NONE', #486, #1878, #211 ) ;
#3197 = FACE_OUTER_BOUND ( 'NONE', #1739, .T. ) ;
#3198 = ORIENTED_EDGE ( 'NONE', *, *, #205, .T. ) ;
#3199 = ORIENTED_EDGE ( 'NONE', *, *, #3282, .F. ) ;
#3200 = DIRECTION ( 'NONE',  ( 0.9664513498471034580, -0.2568497389111223383, -7.823787276523154695E-16 ) ) ;
#3201 = LINE ( 'NONE', #911, #844 ) ;
#3202 = VECTOR ( 'NONE', #150, 1000.000000000000000 ) ;
#3203 = ORIENTED_EDGE ( 'NONE', *, *, #354, .F. ) ;
#3204 = ORIENTED_EDGE ( 'NONE', *, *, #2790, .F. ) ;
#3205 = DIRECTION ( 'NONE',  ( 2.312139710220244630E-16, 1.000000000000000000, 1.871764083026729393E-31 ) ) ;
#3206 = FACE_BOUND ( 'NONE', #169, .T. ) ;
#3207 = EDGE_CURVE ( 'NONE', #1125, #1185, #807, .T. ) ;
#3208 = LINE ( 'NONE', #3461, #3075 ) ;
#3209 = VERTEX_POINT ( 'NONE', #2749 ) ;
#3210 = LINE ( 'NONE', #1263, #1505 ) ;
#3211 = ORIENTED_EDGE ( 'NONE', *, *, #3133, .F. ) ;
#3212 = AXIS2_PLACEMENT_3D ( 'NONE', #1371, #867, #1118 ) ;
#3213 = DIRECTION ( 'NONE',  ( 0.000000000000000000, 0.4961389383568334810, -0.8682431421244595215 ) ) ;
#3214 = EDGE_CURVE ( 'NONE', #1807, #889, #840, .T. ) ;
#3215 = VECTOR ( 'NONE', #2107, 1000.000000000000000 ) ;
#3216 = DIRECTION ( 'NONE',  ( 0.7954317200324986237, -0.6060432152628563163, 6.406465363428875823E-16 ) ) ;
#3217 = VERTEX_POINT ( 'NONE', #722 ) ;
#3218 = AXIS2_PLACEMENT_3D ( 'NONE', #1434, #404, #2360 ) ;
#3219 = EDGE_CURVE ( 'NONE', #3331, #2287, #1220, .T. ) ;
#3220 = VERTEX_POINT ( 'NONE', #2954 ) ;
#3221 = CARTESIAN_POINT ( 'NONE',  ( 14.89647917781742414, 15.76174647301379572, 7.242640687119425991 ) ) ;
#3222 = VERTEX_POINT ( 'NONE', #2048 ) ;
#3223 = LINE ( 'NONE', #2416, #1080 ) ;
#3224 = ORIENTED_EDGE ( 'NONE', *, *, #1457, .T. ) ;
#3225 = ORIENTED_EDGE ( 'NONE', *, *, #1906, .T. ) ;
#3226 = FACE_OUTER_BOUND ( 'NONE', #3466, .T. ) ;
#3227 = LINE ( 'NONE', #448, #233 ) ;
#3228 = DIRECTION ( 'NONE',  ( -8.095376221225114894E-16, -0.000000000000000000, 1.000000000000000000 ) ) ;
#3229 = ORIENTED_EDGE ( 'NONE', *, *, #1591, .F. ) ;
#3230 = VERTEX_POINT ( 'NONE', #3440 ) ;
#3231 = ORIENTED_EDGE ( 'NONE', *, *, #2097, .T. ) ;
#3232 = EDGE_CURVE ( 'NONE', #649, #825, #2256, .T. ) ;
#3233 = DIRECTION ( 'NONE',  ( -0.7954317200324986237, -0.6060432152628563163, 6.439319031959281068E-16 ) ) ;
#3234 = ORIENTED_EDGE ( 'NONE', *, *, #2150, .T. ) ;
#3235 = ADVANCED_FACE ( 'NONE', ( #1792 ), #2344, .F. ) ;
#3236 = DIRECTION ( 'NONE',  ( -2.151659659284524954E-16, -0.8682431421244590775, -0.4961389383568339806 ) ) ;
#3237 = ORIENTED_EDGE ( 'NONE', *, *, #3282, .T. ) ;
#3238 = PLANE ( 'NONE',  #1668 ) ;
#3239 = CARTESIAN_POINT ( 'NONE',  ( -9.500000000000000000, -3.673940397442065291E-16, 0.000000000000000000 ) ) ;
#3240 = FACE_OUTER_BOUND ( 'NONE', #1942, .T. ) ;
#3241 = EDGE_CURVE ( 'NONE', #367, #1652, #2911, .T. ) ;
#3242 = CARTESIAN_POINT ( 'NONE',  ( 13.00000000000001776, 20.71331991438992759, 25.08771745938486930 ) ) ;
#3243 = CARTESIAN_POINT ( 'NONE',  ( 15.01607984891161429, 14.17789085380823444, 14.24264068711942244 ) ) ;
#3244 = VERTEX_POINT ( 'NONE', #1531 ) ;
#3245 = VECTOR ( 'NONE', #3138, 1000.000000000000000 ) ;
#3246 = ORIENTED_EDGE ( 'NONE', *, *, #2859, .T. ) ;
#3247 = ORIENTED_EDGE ( 'NONE', *, *, #515, .T. ) ;
#3248 = VECTOR ( 'NONE', #2329, 1000.000000000000114 ) ;
#3249 = CARTESIAN_POINT ( 'NONE',  ( -3.205502103070426739E-16, -4.093351360270243156, 4.160614880472889965 ) ) ;
#3250 = VECTOR ( 'NONE', #3065, 1000.000000000000000 ) ;
#3251 = AXIS2_PLACEMENT_3D ( 'NONE', #3501, #640, #987 ) ;
#3252 = EDGE_CURVE ( 'NONE', #2947, #2950, #1751, .T. ) ;
#3253 = DIRECTION ( 'NONE',  ( 0.000000000000000000, -1.000000000000000000, 0.000000000000000000 ) ) ;
#3254 = ORIENTED_EDGE ( 'NONE', *, *, #1795, .F. ) ;
#3255 = VECTOR ( 'NONE', #3405, 1000.000000000000114 ) ;
#3256 = DIRECTION ( 'NONE',  ( 0.000000000000000000, 0.4961389383568342581, -0.8682431421244589664 ) ) ;
#3257 = ORIENTED_EDGE ( 'NONE', *, *, #1297, .F. ) ;
#3258 = DIRECTION ( 'NONE',  ( 0.000000000000000000, -0.4961389383568340361, 0.8682431421244590775 ) ) ;
#3259 = ORIENTED_EDGE ( 'NONE', *, *, #3505, .T. ) ;
#3260 = DIRECTION ( 'NONE',  ( 0.000000000000000000, 0.000000000000000000, -1.000000000000000000 ) ) ;
#3261 = CARTESIAN_POINT ( 'NONE',  ( 6.999999999999997335, 24.00000000000000000, 3.061616997868384127E-16 ) ) ;
#3262 = AXIS2_PLACEMENT_3D ( 'NONE', #1593, #1568, #2652 ) ;
#3263 = PLANE ( 'NONE',  #1131 ) ;
#3264 = ORIENTED_EDGE ( 'NONE', *, *, #1541, .T. ) ;
#3265 = ORIENTED_EDGE ( 'NONE', *, *, #16, .F. ) ;
#3266 = ADVANCED_FACE ( 'NONE', ( #3226 ), #409, .F. ) ;
#3267 = DIRECTION ( 'NONE',  ( 0.000000000000000000, -1.000000000000000000, 0.000000000000000000 ) ) ;
#3268 = EDGE_CURVE ( 'NONE', #826, #513, #929, .T. ) ;
#3269 = PLANE ( 'NONE',  #2770 ) ;
#3270 = ORIENTED_EDGE ( 'NONE', *, *, #3091, .T. ) ;
#3271 = DIRECTION ( 'NONE',  ( 0.9664513498471034580, 0.2568497389111223383, 7.823787276523154695E-16 ) ) ;
#3272 = AXIS2_PLACEMENT_3D ( 'NONE', #1664, #860, #820 ) ;
#3273 =( BOUNDED_CURVE ( )  B_SPLINE_CURVE ( 3, ( #251, #3598, #814, #1413 ),
 .UNSPECIFIED., .F., .T. ) 
 B_SPLINE_CURVE_WITH_KNOTS ( ( 4, 4 ),
 ( 1.106001292893150634, 1.570796326794896780 ),
 .UNSPECIFIED. ) 
 CURVE ( )  GEOMETRIC_REPRESENTATION_ITEM ( )  RATIONAL_B_SPLINE_CURVE ( ( 1.000000000000000000, 0.9820780114622809087, 0.9820780114622809087, 1.000000000000000000 ) ) 
 REPRESENTATION_ITEM ( '' )  );
#3274 = VECTOR ( 'NONE', #3099, 999.9999999999998863 ) ;
#3275 = ADVANCED_FACE ( 'NONE', ( #3182 ), #3374, .F. ) ;
#3276 = DIRECTION ( 'NONE',  ( 1.000000000000000000, 0.000000000000000000, -8.095376221225113908E-16 ) ) ;
#3277 = CARTESIAN_POINT ( 'NONE',  ( 24.50000000000001421, 1.999999999999997335, 35.24264068711940467 ) ) ;
#3278 = CARTESIAN_POINT ( 'NONE',  ( 9.500000000000000000, 0.000000000000000000, 0.000000000000000000 ) ) ;
#3279 = AXIS2_PLACEMENT_3D ( 'NONE', #3127, #1794, #2914 ) ;
#3280 = DIRECTION ( 'NONE',  ( 4.336808689942018229E-16, 1.152575533052252037E-16, 1.000000000000000000 ) ) ;
#3281 = DIRECTION ( 'NONE',  ( 1.000000000000000000, 2.463512628606114374E-17, -4.311147100060696765E-17 ) ) ;
#3282 = EDGE_CURVE ( 'NONE', #1839, #889, #1606, .T. ) ;
#3283 = ORIENTED_EDGE ( 'NONE', *, *, #2967, .T. ) ;
#3284 = ORIENTED_EDGE ( 'NONE', *, *, #1563, .T. ) ;
#3285 = DIRECTION ( 'NONE',  ( -1.000000000000000000, 0.000000000000000000, -8.095376221225113908E-16 ) ) ;
#3286 = FACE_OUTER_BOUND ( 'NONE', #202, .T. ) ;
#3287 = EDGE_CURVE ( 'NONE', #2767, #3005, #1238, .T. ) ;
#3288 = CARTESIAN_POINT ( 'NONE',  ( -24.49999999999999289, 0.000000000000000000, 16.74264068711939757 ) ) ;
#3289 = EDGE_CURVE ( 'NONE', #742, #3222, #3146, .T. ) ;
#3290 = EDGE_CURVE ( 'NONE', #1734, #699, #2592, .T. ) ;
#3291 = ORIENTED_EDGE ( 'NONE', *, *, #1982, .F. ) ;
#3292 = LINE ( 'NONE', #3499, #631 ) ;
#3293 = VERTEX_POINT ( 'NONE', #970 ) ;
#3294 = LINE ( 'NONE', #3548, #321 ) ;
#3295 = VERTEX_POINT ( 'NONE', #427 ) ;
#3296 = DIRECTION ( 'NONE',  ( 0.7071067811865507924, 1.316784335706502599E-31, 0.7071067811865443531 ) ) ;
#3297 = EDGE_CURVE ( 'NONE', #2063, #2265, #1078, .T. ) ;
#3298 = CARTESIAN_POINT ( 'NONE',  ( -9.500000000000000000, 0.000000000000000000, 0.000000000000000000 ) ) ;
#3299 = VECTOR ( 'NONE', #2972, 1000.000000000000000 ) ;
#3300 = ORIENTED_EDGE ( 'NONE', *, *, #2553, .T. ) ;
#3301 = EDGE_LOOP ( 'NONE', ( #431, #3072, #171, #3093 ) ) ;
#3302 = CARTESIAN_POINT ( 'NONE',  ( -9.500000000000028422, 15.00535169487283760, 41.76483792539832507 ) ) ;
#3303 = DIRECTION ( 'NONE',  ( -0.000000000000000000, -0.7071067811865430208, -0.7071067811865521247 ) ) ;
#3304 = AXIS2_PLACEMENT_3D ( 'NONE', #2995, #2700, #1579 ) ;
#3305 = DIRECTION ( 'NONE',  ( 0.000000000000000000, 0.000000000000000000, 1.000000000000000000 ) ) ;
#3306 = AXIS2_PLACEMENT_3D ( 'NONE', #247, #2784, #846 ) ;
#3307 = AXIS2_PLACEMENT_3D ( 'NONE', #235, #3032, #529 ) ;
#3308 = CARTESIAN_POINT ( 'NONE',  ( -12.99999999999999645, 20.71331991438993114, 25.08771745938487285 ) ) ;
#3309 = ADVANCED_FACE ( 'NONE', ( #2086 ), #3504, .F. ) ;
#3310 = DIRECTION ( 'NONE',  ( 0.2568497389111222828, 0.9664513498471034580, -0.000000000000000000 ) ) ;
#3311 = VECTOR ( 'NONE', #3205, 1000.000000000000000 ) ;
#3312 = DIRECTION ( 'NONE',  ( 0.000000000000000000, 1.000000000000000000, -0.000000000000000000 ) ) ;
#3313 = VECTOR ( 'NONE', #3359, 1000.000000000000000 ) ;
#3314 = CARTESIAN_POINT ( 'NONE',  ( 14.00000000000001066, 3.999999999999997335, 37.80419349992823896 ) ) ;
#3315 = DIRECTION ( 'NONE',  ( 2.151659659284525201E-16, 0.8682431421244590775, 0.4961389383568339806 ) ) ;
#3316 = SURFACE_STYLE_USAGE ( .BOTH. , #1310 ) ;
#3317 = VERTEX_POINT ( 'NONE', #990 ) ;
#3318 = ADVANCED_FACE ( 'NONE', ( #2103 ), #2884, .T. ) ;
#3319 = LINE ( 'NONE', #258, #2970 ) ;
#3320 = DIRECTION ( 'NONE',  ( 0.000000000000000000, 1.000000000000000000, -0.000000000000000000 ) ) ;
#3321 = LINE ( 'NONE', #808, #1190 ) ;
#3322 = ORIENTED_EDGE ( 'NONE', *, *, #2732, .T. ) ;
#3323 = EDGE_CURVE ( 'NONE', #3230, #2919, #1274, .T. ) ;
#3324 = ORIENTED_EDGE ( 'NONE', *, *, #2174, .T. ) ;
#3325 = VERTEX_POINT ( 'NONE', #2467 ) ;
#3326 = DIRECTION ( 'NONE',  ( -4.956352788505163268E-16, 0.000000000000000000, -1.000000000000000000 ) ) ;
#3327 = DIRECTION ( 'NONE',  ( 0.000000000000000000, 1.000000000000000000, -0.000000000000000000 ) ) ;
#3328 = CARTESIAN_POINT ( 'NONE',  ( 6.000000000000003553, 18.45315525775156118, 12.20697829893479280 ) ) ;
#3329 = DIRECTION ( 'NONE',  ( -0.000000000000000000, -0.000000000000000000, 1.000000000000000000 ) ) ;
#3330 = DIRECTION ( 'NONE',  ( 0.000000000000000000, -1.000000000000000000, 0.000000000000000000 ) ) ;
#3331 = VERTEX_POINT ( 'NONE', #3549 ) ;
#3332 = DIRECTION ( 'NONE',  ( -0.2568497389111223383, 0.9664513498471035691, 0.000000000000000000 ) ) ;
#3333 = EDGE_CURVE ( 'NONE', #3462, #1662, #2973, .T. ) ;
#3334 = CARTESIAN_POINT ( 'NONE',  ( 20.91143308297894876, 12.61110744645037940, 14.24264068711942244 ) ) ;
#3335 = FACE_OUTER_BOUND ( 'NONE', #2187, .T. ) ;
#3336 = DIRECTION ( 'NONE',  ( 0.000000000000000000, -1.000000000000000000, 0.000000000000000000 ) ) ;
#3337 = VERTEX_POINT ( 'NONE', #3314 ) ;
#3338 = EDGE_CURVE ( 'NONE', #1033, #3141, #1886, .T. ) ;
#3339 = CARTESIAN_POINT ( 'NONE',  ( 12.49999999999999645, 24.00000000000000000, -2.550000000000005596 ) ) ;
#3340 = DIRECTION ( 'NONE',  ( 0.000000000000000000, 0.000000000000000000, -1.000000000000000000 ) ) ;
#3341 = VERTEX_POINT ( 'NONE', #1006 ) ;
#3342 = ORIENTED_EDGE ( 'NONE', *, *, #2094, .F. ) ;
#3343 = DIRECTION ( 'NONE',  ( -0.000000000000000000, -1.000000000000000000, -0.000000000000000000 ) ) ;
#3344 = VERTEX_POINT ( 'NONE', #2158 ) ;
#3345 = DIRECTION ( 'NONE',  ( 8.414644850224708521E-16, 0.000000000000000000, 1.000000000000000000 ) ) ;
#3346 = DIRECTION ( 'NONE',  ( 2.151659659284525201E-16, 0.8682431421244590775, 0.4961389383568339806 ) ) ;
#3347 = LINE ( 'NONE', #1948, #3393 ) ;
#3348 = ORIENTED_EDGE ( 'NONE', *, *, #3515, .F. ) ;
#3349 = DIRECTION ( 'NONE',  ( 0.6949420556350797140, 0.1846918477339471454, 0.6949420556350797140 ) ) ;
#3350 = ADVANCED_FACE ( 'NONE', ( #2451 ), #3020, .T. ) ;
#3351 = CARTESIAN_POINT ( 'NONE',  ( -13.99999999999998934, 3.999999999999997335, 35.74264068711941889 ) ) ;
#3352 = CARTESIAN_POINT ( 'NONE',  ( -12.49999999999999645, 24.00000000000000000, -2.999999999999999112 ) ) ;
#3353 = DIRECTION ( 'NONE',  ( -0.000000000000000000, -1.000000000000000000, -0.000000000000000000 ) ) ;
#3354 = LINE ( 'NONE', #1613, #900 ) ;
#3355 = AXIS2_PLACEMENT_3D ( 'NONE', #1105, #1375, #1914 ) ;
#3356 = DIRECTION ( 'NONE',  ( 4.336808689942017736E-16, -0.000000000000000000, 1.000000000000000000 ) ) ;
#3357 = EDGE_LOOP ( 'NONE', ( #730, #2676, #726, #375 ) ) ;
#3358 = EDGE_CURVE ( 'NONE', #2950, #2844, #3000, .T. ) ;
#3359 = DIRECTION ( 'NONE',  ( 0.000000000000000000, 1.000000000000000000, 0.000000000000000000 ) ) ;
#3360 = DIRECTION ( 'NONE',  ( -1.000000000000000000, 0.000000000000000000, 1.714505518806293159E-16 ) ) ;
#3361 = AXIS2_PLACEMENT_3D ( 'NONE', #3489, #1840, #2963 ) ;
#3362 = PLANE ( 'NONE',  #2020 ) ;
#3363 = AXIS2_PLACEMENT_3D ( 'NONE', #2288, #2491, #2272 ) ;
#3364 = CARTESIAN_POINT ( 'NONE',  ( -13.99999999999999467, 21.20945885274677067, 24.21947431726041344 ) ) ;
#3365 = VECTOR ( 'NONE', #364, 1000.000000000000000 ) ;
#3366 = CARTESIAN_POINT ( 'NONE',  ( 12.49999999999998401, 27.11990675752836566, 1.782803861444769655 ) ) ;
#3367 = VERTEX_POINT ( 'NONE', #2402 ) ;
#3368 = CARTESIAN_POINT ( 'NONE',  ( 9.500000000000023093, 3.744253075733373848, 30.50373930625883290 ) ) ;
#3369 = AXIS2_PLACEMENT_3D ( 'NONE', #1212, #130, #636 ) ;
#3370 = ADVANCED_FACE ( 'NONE', ( #1915 ), #1900, .T. ) ;
#3371 = LINE ( 'NONE', #2760, #1921 ) ;
#3372 = CARTESIAN_POINT ( 'NONE',  ( -14.27951387646151282, 0.2129629534944898483, 7.170625673743725947 ) ) ;
#3373 = VECTOR ( 'NONE', #335, 1000.000000000000000 ) ;
#3374 = PLANE ( 'NONE',  #165 ) ;
#3375 = ORIENTED_EDGE ( 'NONE', *, *, #1648, .T. ) ;
#3376 = CARTESIAN_POINT ( 'NONE',  ( -4.499999999999996447, 17.73648628424891882, 22.23491856383308019 ) ) ;
#3377 = DIRECTION ( 'NONE',  ( 1.000000000000000000, 0.000000000000000000, -4.336808689942017736E-16 ) ) ;
#3378 = CARTESIAN_POINT ( 'NONE',  ( 13.00000000000001599, 15.50386106164317468, 22.11088382924386764 ) ) ;
#3379 = DIRECTION ( 'NONE',  ( 1.000000000000000000, 0.000000000000000000, -1.714505518806293159E-16 ) ) ;
#3380 = PLANE ( 'NONE',  #1187 ) ;
#3381 = DIRECTION ( 'NONE',  ( 1.000000000000000000, -1.868163743359639168E-16, -1.067522139062651411E-16 ) ) ;
#3382 = VERTEX_POINT ( 'NONE', #1854 ) ;
#3383 = EDGE_CURVE ( 'NONE', #3141, #1785, #766, .T. ) ;
#3384 = CARTESIAN_POINT ( 'NONE',  ( -23.49999999999998579, 11.92315482793935999, 8.242640687119418885 ) ) ;
#3385 = ORIENTED_EDGE ( 'NONE', *, *, #2638, .T. ) ;
#3386 = CARTESIAN_POINT ( 'NONE',  ( -23.89837840846038475, 13.36934931048650732, 17.34426227865900927 ) ) ;
#3387 = VECTOR ( 'NONE', #1093, 1000.000000000000000 ) ;
#3388 = AXIS2_PLACEMENT_3D ( 'NONE', #2848, #140, #76 ) ;
#3389 = DIRECTION ( 'NONE',  ( 0.9664513498471032360, -0.2568497389111235041, 0.000000000000000000 ) ) ;
#3390 = EDGE_CURVE ( 'NONE', #1230, #108, #2121, .T. ) ;
#3391 = FACE_OUTER_BOUND ( 'NONE', #1516, .T. ) ;
#3392 = ORIENTED_EDGE ( 'NONE', *, *, #2553, .F. ) ;
#3393 = VECTOR ( 'NONE', #2044, 1000.000000000000114 ) ;
#3394 = PLANE ( 'NONE',  #2193 ) ;
#3395 = EDGE_CURVE ( 'NONE', #3220, #1502, #1599, .T. ) ;
#3396 = DIRECTION ( 'NONE',  ( 0.000000000000000000, -0.8682431421244590775, -0.4961389383568339806 ) ) ;
#3397 = ORIENTED_EDGE ( 'NONE', *, *, #1377, .F. ) ;
#3398 = DIRECTION ( 'NONE',  ( -0.000000000000000000, -0.000000000000000000, 1.000000000000000000 ) ) ;
#3399 = PLANE ( 'NONE',  #3597 ) ;
#3400 = ORIENTED_EDGE ( 'NONE', *, *, #954, .F. ) ;
#3401 = FACE_OUTER_BOUND ( 'NONE', #88, .T. ) ;
#3402 = PLANE ( 'NONE',  #1544 ) ;
#3403 = EDGE_CURVE ( 'NONE', #3571, #927, #2417, .T. ) ;
#3404 = DIRECTION ( 'NONE',  ( -0.000000000000000000, -1.000000000000000000, -0.000000000000000000 ) ) ;
#3405 = DIRECTION ( 'NONE',  ( -0.9664513498471032360, -0.2568497389111231710, -7.823787276523153708E-16 ) ) ;
#3406 = ORIENTED_EDGE ( 'NONE', *, *, #1225, .T. ) ;
#3407 = CARTESIAN_POINT ( 'NONE',  ( 20.00000000000001066, 13.20945885274676179, 21.24264068711940467 ) ) ;
#3408 = ORIENTED_EDGE ( 'NONE', *, *, #2680, .F. ) ;
#3409 = PLANE ( 'NONE',  #1144 ) ;
#3410 = ORIENTED_EDGE ( 'NONE', *, *, #1261, .F. ) ;
#3411 = DIRECTION ( 'NONE',  ( -0.000000000000000000, 0.4961389383568340916, -0.8682431421244590775 ) ) ;
#3412 = PRODUCT_CONTEXT ( 'NONE', #2377, 'mechanical' ) ;
#3413 = VECTOR ( 'NONE', #3360, 1000.000000000000000 ) ;
#3414 = EDGE_CURVE ( 'NONE', #1807, #917, #1724, .T. ) ;
#3415 = ORIENTED_EDGE ( 'NONE', *, *, #298, .T. ) ;
#3416 = DIRECTION ( 'NONE',  ( -0.7954317200324986237, -0.6060432152628563163, 0.000000000000000000 ) ) ;
#3417 = ORIENTED_EDGE ( 'NONE', *, *, #558, .F. ) ;
#3418 = VECTOR ( 'NONE', #1042, 1000.000000000000000 ) ;
#3419 = ADVANCED_FACE ( 'NONE', ( #3240 ), #3566, .T. ) ;
#3420 = DIRECTION ( 'NONE',  ( -0.2568497389111223383, 0.9664513498471034580, -0.000000000000000000 ) ) ;
#3421 = AXIS2_PLACEMENT_3D ( 'NONE', #92, #1216, #1199 ) ;
#3422 = EDGE_LOOP ( 'NONE', ( #2490, #1631, #1523, #1100 ) ) ;
#3423 = ORIENTED_EDGE ( 'NONE', *, *, #249, .F. ) ;
#3424 = VECTOR ( 'NONE', #3343, 1000.000000000000000 ) ;
#3425 = CARTESIAN_POINT ( 'NONE',  ( 18.34903107431196645, 14.84417617489997099, 14.24264068711942244 ) ) ;
#3426 = CARTESIAN_POINT ( 'NONE',  ( 14.00000000000000711, 0.000000000000000000, 30.40779207703108256 ) ) ;
#3427 = AXIS2_PLACEMENT_3D ( 'NONE', #1193, #2842, #3495 ) ;
#3428 = EDGE_LOOP ( 'NONE', ( #1168, #1219, #282, #666 ) ) ;
#3429 = ORIENTED_EDGE ( 'NONE', *, *, #668, .T. ) ;
#3430 = CIRCLE ( 'NONE', #1559, 7.242640687119608067 ) ;
#3431 = CARTESIAN_POINT ( 'NONE',  ( -4.499999999999976019, 15.50386106164317646, 22.11088382924386764 ) ) ;
#3432 = DIRECTION ( 'NONE',  ( 1.000000000000000000, -0.000000000000000000, 0.000000000000000000 ) ) ;
#3433 = CARTESIAN_POINT ( 'NONE',  ( -13.99999999999999645, 0.000000000000000000, 30.40779207703107900 ) ) ;
#3434 = EDGE_LOOP ( 'NONE', ( #681, #733, #132, #2364, #2071, #2689, #687, #385 ) ) ;
#3435 = EDGE_CURVE ( 'NONE', #1016, #3382, #2197, .T. ) ;
#3436 = CARTESIAN_POINT ( 'NONE',  ( -12.49999999999999645, 24.00000000000000000, 0.000000000000000000 ) ) ;
#3437 = LINE ( 'NONE', #1180, #2830 ) ;
#3438 = ORIENTED_EDGE ( 'NONE', *, *, #767, .F. ) ;
#3439 = EDGE_LOOP ( 'NONE', ( #1803, #3159, #2722, #2003, #3429, #533, #1545 ) ) ;
#3440 = CARTESIAN_POINT ( 'NONE',  ( 9.500000000000012434, 14.00535169487283049, 20.24264068711942599 ) ) ;
#3441 = DIRECTION ( 'NONE',  ( 0.000000000000000000, 0.000000000000000000, 1.000000000000000000 ) ) ;
#3442 = LINE ( 'NONE', #2617, #1302 ) ;
#3443 = EDGE_LOOP ( 'NONE', ( #727, #1821, #2441, #2342 ) ) ;
#3444 = ADVANCED_FACE ( 'NONE', ( #756 ), #480, .T. ) ;
#3445 = VECTOR ( 'NONE', #1169, 1000.000000000000000 ) ;
#3446 = ORIENTED_EDGE ( 'NONE', *, *, #239, .T. ) ;
#3447 = FACE_OUTER_BOUND ( 'NONE', #3434, .T. ) ;
#3448 = VECTOR ( 'NONE', #3147, 1000.000000000000114 ) ;
#3449 = EDGE_CURVE ( 'NONE', #1454, #3015, #531, .T. ) ;
#3450 = EDGE_LOOP ( 'NONE', ( #135, #3423, #1548, #2828 ) ) ;
#3451 = DIRECTION ( 'NONE',  ( -0.2568497389111231710, -0.9664513498471032360, 2.079295268808985297E-16 ) ) ;
#3452 = CYLINDRICAL_SURFACE ( 'NONE', #2190, 2.061552812808828516 ) ;
#3453 = ORIENTED_EDGE ( 'NONE', *, *, #2820, .F. ) ;
#3454 = ORIENTED_EDGE ( 'NONE', *, *, #3036, .T. ) ;
#3455 = PLANE ( 'NONE',  #1627 ) ;
#3456 = CARTESIAN_POINT ( 'NONE',  ( -13.99999999999999645, 16.00000000000001421, 7.030467603725113257 ) ) ;
#3457 = EDGE_LOOP ( 'NONE', ( #2162, #669, #546, #1224 ) ) ;
#3458 = ORIENTED_EDGE ( 'NONE', *, *, #957, .F. ) ;
#3459 = CARTESIAN_POINT ( 'NONE',  ( 23.49999999999997868, 7.238095238095224815, -3.001000000000026979 ) ) ;
#3460 = CARTESIAN_POINT ( 'NONE',  ( 12.49999999999999645, 24.00000000000000000, -4.592425496802572789E-15 ) ) ;
#3461 = CARTESIAN_POINT ( 'NONE',  ( 4.500000000000000888, 14.94929419610838828, 18.33873515681033339 ) ) ;
#3462 = VERTEX_POINT ( 'NONE', #1067 ) ;
#3463 = VERTEX_POINT ( 'NONE', #2704 ) ;
#3464 = ORIENTED_EDGE ( 'NONE', *, *, #2383, .T. ) ;
#3465 = DIRECTION ( 'NONE',  ( 0.000000000000000000, 0.000000000000000000, -1.000000000000000000 ) ) ;
#3466 = EDGE_LOOP ( 'NONE', ( #3199, #189, #912, #2984 ) ) ;
#3467 = CARTESIAN_POINT ( 'NONE',  ( 13.99999999999999645, 0.000000000000000000, 7.030467603725113257 ) ) ;
#3468 = FACE_OUTER_BOUND ( 'NONE', #3131, .T. ) ;
#3469 = FACE_OUTER_BOUND ( 'NONE', #713, .T. ) ;
#3470 = ORIENTED_EDGE ( 'NONE', *, *, #3164, .T. ) ;
#3471 = EDGE_CURVE ( 'NONE', #849, #1230, #2191, .T. ) ;
#3472 = EDGE_CURVE ( 'NONE', #2753, #849, #1087, .T. ) ;
#3473 = ORIENTED_EDGE ( 'NONE', *, *, #1106, .F. ) ;
#3474 = DIRECTION ( 'NONE',  ( -1.000000000000000000, 0.000000000000000000, -0.000000000000000000 ) ) ;
#3475 = VERTEX_POINT ( 'NONE', #1394 ) ;
#3476 = DIRECTION ( 'NONE',  ( 0.000000000000000000, 0.000000000000000000, 1.000000000000000000 ) ) ;
#3477 = EDGE_LOOP ( 'NONE', ( #378, #2878, #78, #2405 ) ) ;
#3478 = CARTESIAN_POINT ( 'NONE',  ( 8.889401970076150405, -8.875027678173665890, 14.24264068711942244 ) ) ;
#3479 = AXIS2_PLACEMENT_3D ( 'NONE', #1655, #270, #324 ) ;
#3480 = AXIS2_PLACEMENT_3D ( 'NONE', #2868, #117, #99 ) ;
#3481 = LINE ( 'NONE', #429, #2799 ) ;
#3482 = DIRECTION ( 'NONE',  ( 0.000000000000000000, 0.000000000000000000, 1.000000000000000000 ) ) ;
#3483 = ADVANCED_FACE ( 'NONE', ( #569 ), #888, .T. ) ;
#3484 = AXIS2_PLACEMENT_3D ( 'NONE', #2315, #2602, #104 ) ;
#3485 = EDGE_LOOP ( 'NONE', ( #122, #1787, #2412, #2392 ) ) ;
#3486 = AXIS2_PLACEMENT_3D ( 'NONE', #3605, #552, #293 ) ;
#3487 = ORIENTED_EDGE ( 'NONE', *, *, #1541, .F. ) ;
#3488 = ORIENTED_EDGE ( 'NONE', *, *, #3358, .F. ) ;
#3489 = CARTESIAN_POINT ( 'NONE',  ( -17.96375646594528064, 13.39449915012930603, 14.24264068711942244 ) ) ;
#3490 = EDGE_CURVE ( 'NONE', #3220, #826, #2284, .T. ) ;
#3491 = VECTOR ( 'NONE', #18, 1000.000000000000000 ) ;
#3492 = ORIENTED_EDGE ( 'NONE', *, *, #2109, .T. ) ;
#3493 = CARTESIAN_POINT ( 'NONE',  ( 14.62132034355966503, 24.00000000000000000, 2.121320343559611743 ) ) ;
#3494 = FACE_OUTER_BOUND ( 'NONE', #2882, .T. ) ;
#3495 = DIRECTION ( 'NONE',  ( 0.7954317200324986237, -0.6060432152628563163, 0.000000000000000000 ) ) ;
#3496 = VERTEX_POINT ( 'NONE', #3328 ) ;
#3497 = VERTEX_POINT ( 'NONE', #1967 ) ;
#3498 = VERTEX_POINT ( 'NONE', #252 ) ;
#3499 = CARTESIAN_POINT ( 'NONE',  ( 9.499999999999966249, 2.999999999999999556, -3.002000000000014879 ) ) ;
#3500 = EDGE_LOOP ( 'NONE', ( #433, #2520 ) ) ;
#3501 = CARTESIAN_POINT ( 'NONE',  ( -13.99999999999999467, 21.20945885274677067, 24.21947431726041344 ) ) ;
#3502 = ORIENTED_EDGE ( 'NONE', *, *, #1327, .T. ) ;
#3503 = VERTEX_POINT ( 'NONE', #1355 ) ;
#3504 = CYLINDRICAL_SURFACE ( 'NONE', #1666, 3.050000000000002931 ) ;
#3505 = EDGE_CURVE ( 'NONE', #1381, #3317, #1483, .T. ) ;
#3506 = DIRECTION ( 'NONE',  ( -9.637352644315550869E-17, -1.000000000000000000, -7.801799543235306663E-32 ) ) ;
#3507 = DIRECTION ( 'NONE',  ( -0.000000000000000000, -1.000000000000000000, -0.000000000000000000 ) ) ;
#3508 = ORIENTED_EDGE ( 'NONE', *, *, #3395, .T. ) ;
#3509 = ORIENTED_EDGE ( 'NONE', *, *, #314, .F. ) ;
#3510 = VERTEX_POINT ( 'NONE', #36 ) ;
#3511 = EDGE_CURVE ( 'NONE', #1381, #2155, #2432, .T. ) ;
#3512 = CARTESIAN_POINT ( 'NONE',  ( 6.547756707511436831E-15, 26.42167330258281766, 15.09809903004733300 ) ) ;
#3513 = VECTOR ( 'NONE', #2468, 1000.000000000000114 ) ;
#3514 = LINE ( 'NONE', #1001, #1598 ) ;
#3515 = EDGE_CURVE ( 'NONE', #75, #277, #1675, .T. ) ;
#3516 = CARTESIAN_POINT ( 'NONE',  ( 9.500000000000005329, 2.999999999999999112, 8.242640687119429543 ) ) ;
#3517 = DIRECTION ( 'NONE',  ( -2.312139710220244630E-16, 1.000000000000000000, -1.871764083026729393E-31 ) ) ;
#3518 = DIRECTION ( 'NONE',  ( 0.000000000000000000, 0.000000000000000000, 1.000000000000000000 ) ) ;
#3519 = CARTESIAN_POINT ( 'NONE',  ( 15.50000000000000355, 22.00000000000000000, 6.711511812970131885 ) ) ;
#3520 = FILL_AREA_STYLE ('',( #1889 ) ) ;
#3521 = EDGE_CURVE ( 'NONE', #476, #2287, #1958, .T. ) ;
#3522 = EDGE_LOOP ( 'NONE', ( #1693, #1638, #2961, #2054 ) ) ;
#3523 = EDGE_LOOP ( 'NONE', ( #642, #2675, #1287, #356, #2614, #3167, #1157, #2804, #61, #407, #1025, #2110, #1963 ) ) ;
#3524 = VERTEX_POINT ( 'NONE', #271 ) ;
#3525 = ADVANCED_FACE ( 'NONE', ( #2524 ), #3362, .T. ) ;
#3526 = DIRECTION ( 'NONE',  ( 1.000000000000000000, 0.000000000000000000, 8.054073281320901773E-16 ) ) ;
#3527 = LINE ( 'NONE', #1014, #787 ) ;
#3528 = ORIENTED_EDGE ( 'NONE', *, *, #3219, .T. ) ;
#3529 = FACE_BOUND ( 'NONE', #1759, .T. ) ;
#3530 = ORIENTED_EDGE ( 'NONE', *, *, #2207, .T. ) ;
#3531 = CYLINDRICAL_SURFACE ( 'NONE', #3543, 0.4999999999999992784 ) ;
#3532 = DIRECTION ( 'NONE',  ( 0.9360674452095597564, -0.2487747354725247384, -0.2487747354725218518 ) ) ;
#3533 = EDGE_CURVE ( 'NONE', #336, #3044, #1707, .T. ) ;
#3534 = CARTESIAN_POINT ( 'NONE',  ( -13.99999999999998757, 3.000000000000000000, -3.001999999999997559 ) ) ;
#3535 = FACE_OUTER_BOUND ( 'NONE', #672, .T. ) ;
#3536 = VERTEX_POINT ( 'NONE', #2269 ) ;
#3537 = AXIS2_PLACEMENT_3D ( 'NONE', #2157, #2985, #734 ) ;
#3538 = ORIENTED_EDGE ( 'NONE', *, *, #3583, .F. ) ;
#3539 = VECTOR ( 'NONE', #3233, 1000.000000000000000 ) ;
#3540 = DIRECTION ( 'NONE',  ( -2.151659659284524708E-16, -0.8682431421244591885, -0.4961389383568339806 ) ) ;
#3541 = AXIS2_PLACEMENT_3D ( 'NONE', #2811, #1417, #2545 ) ;
#3542 = AXIS2_PLACEMENT_3D ( 'NONE', #2485, #3600, #815 ) ;
#3543 = AXIS2_PLACEMENT_3D ( 'NONE', #1051, #765, #3565 ) ;
#3544 = CARTESIAN_POINT ( 'NONE',  ( 18.65026362038665297, 3.543057996485069694, 22.59237706673276236 ) ) ;
#3545 = EDGE_CURVE ( 'NONE', #109, #3244, #54, .T. ) ;
#3546 = VECTOR ( 'NONE', #1836, 1000.000000000000000 ) ;
#3547 = DIRECTION ( 'NONE',  ( 0.000000000000000000, 0.000000000000000000, -1.000000000000000000 ) ) ;
#3548 = CARTESIAN_POINT ( 'NONE',  ( 14.00000000000001776, 5.209458852746759128, 52.21947431726040634 ) ) ;
#3549 = CARTESIAN_POINT ( 'NONE',  ( -5.999999999999996447, 18.45315525775156473, 12.20697829893479458 ) ) ;
#3550 = CARTESIAN_POINT ( 'NONE',  ( 37.75758162363357684, 8.133976905932563284, 26.50022231075318047 ) ) ;
#3551 = ADVANCED_FACE ( 'NONE', ( #1160 ), #3399, .F. ) ;
#3552 = FACE_OUTER_BOUND ( 'NONE', #1267, .T. ) ;
#3553 = CARTESIAN_POINT ( 'NONE',  ( -11.90258380183477271, 15.00535169487283760, 41.76483792539832507 ) ) ;
#3554 = VERTEX_POINT ( 'NONE', #1376 ) ;
#3555 = ORIENTED_EDGE ( 'NONE', *, *, #147, .T. ) ;
#3556 = FACE_OUTER_BOUND ( 'NONE', #1264, .T. ) ;
#3557 = CARTESIAN_POINT ( 'NONE',  ( -12.49999999999999645, 0.000000000000000000, 0.000000000000000000 ) ) ;
#3558 = ADVANCED_FACE ( 'NONE', ( #2507 ), #3618, .F. ) ;
#3559 = VECTOR ( 'NONE', #2349, 1000.000000000000000 ) ;
#3560 = CARTESIAN_POINT ( 'NONE',  ( -13.99999999999999467, 21.20945885274677067, 24.21947431726041344 ) ) ;
#3561 = EDGE_CURVE ( 'NONE', #451, #2168, #3084, .T. ) ;
#3562 = VECTOR ( 'NONE', #783, 1000.000000000000000 ) ;
#3563 = FACE_OUTER_BOUND ( 'NONE', #113, .T. ) ;
#3564 = ORIENTED_EDGE ( 'NONE', *, *, #577, .T. ) ;
#3565 = DIRECTION ( 'NONE',  ( 0.000000000000000000, 0.000000000000000000, -1.000000000000000000 ) ) ;
#3566 = PLANE ( 'NONE',  #2601 ) ;
#3567 = CARTESIAN_POINT ( 'NONE',  ( 14.00000000000000711, 16.00000000000001066, 30.40779207703108256 ) ) ;
#3568 = VECTOR ( 'NONE', #1109, 1000.000000000000114 ) ;
#3569 = DIRECTION ( 'NONE',  ( 2.312139710220244630E-16, -1.000000000000000000, 0.000000000000000000 ) ) ;
#3570 = DIRECTION ( 'NONE',  ( 0.000000000000000000, 0.000000000000000000, 1.000000000000000000 ) ) ;
#3571 = VERTEX_POINT ( 'NONE', #830 ) ;
#3572 = LINE ( 'NONE', #1644, #855 ) ;
#3573 = CARTESIAN_POINT ( 'NONE',  ( -11.90258380183474785, 15.00535169487283760, 9.242640687119434872 ) ) ;
#3574 = ADVANCED_FACE ( 'NONE', ( #3120 ), #588, .F. ) ;
#3575 = CARTESIAN_POINT ( 'NONE',  ( -12.99999999999999645, 20.71331991438993114, 25.08771745938487285 ) ) ;
#3576 = CARTESIAN_POINT ( 'NONE',  ( 14.89647917781741882, 16.00000000000001421, 5.242640687119425991 ) ) ;
#3577 = EDGE_LOOP ( 'NONE', ( #1449, #2932, #1453, #1566 ) ) ;
#3578 = LINE ( 'NONE', #2223, #1722 ) ;
#3579 = CARTESIAN_POINT ( 'NONE',  ( 13.00000000000001776, 20.71331991438992759, 25.08771745938486930 ) ) ;
#3580 = ORIENTED_EDGE ( 'NONE', *, *, #147, .F. ) ;
#3581 = DIRECTION ( 'NONE',  ( -0.000000000000000000, -1.000000000000000000, -0.000000000000000000 ) ) ;
#3582 = LINE ( 'NONE', #3364, #2099 ) ;
#3583 = EDGE_CURVE ( 'NONE', #459, #551, #1983, .T. ) ;
#3584 = CARTESIAN_POINT ( 'NONE',  ( 0.000000000000000000, 23.00000000000000000, 1.000000000000003331 ) ) ;
#3585 = DIRECTION ( 'NONE',  ( 1.000000000000000000, -0.000000000000000000, 0.000000000000000000 ) ) ;
#3586 = ORIENTED_EDGE ( 'NONE', *, *, #454, .F. ) ;
#3587 = VERTEX_POINT ( 'NONE', #358 ) ;
#3588 = ADVANCED_FACE ( 'NONE', ( #3197 ), #1462, .T. ) ;
#3589 = CARTESIAN_POINT ( 'NONE',  ( -4.500000000000000888, 0.4534810281881691552, 52.48017776193936612 ) ) ;
#3590 = CARTESIAN_POINT ( 'NONE',  ( -6.999999999999997335, 24.00000000000000000, 0.000000000000000000 ) ) ;
#3591 = VECTOR ( 'NONE', #3174, 999.9999999999998863 ) ;
#3592 = AXIS2_PLACEMENT_3D ( 'NONE', #1369, #2497, #3612 ) ;
#3593 = DIRECTION ( 'NONE',  ( -1.000000000000000000, -0.000000000000000000, 0.000000000000000000 ) ) ;
#3594 = AXIS2_PLACEMENT_3D ( 'NONE', #1939, #3320, #555 ) ;
#3595 = ORIENTED_EDGE ( 'NONE', *, *, #1474, .F. ) ;
#3596 = CARTESIAN_POINT ( 'NONE',  ( 14.78475520414348665, -10.44181108553151205, 14.24264068711942244 ) ) ;
#3597 = AXIS2_PLACEMENT_3D ( 'NONE', #2771, #1122, #2226 ) ;
#3598 = CARTESIAN_POINT ( 'NONE',  ( 14.27951387646151105, 0.2129629534944897096, 7.170625673743725059 ) ) ;
#3599 = VECTOR ( 'NONE', #3104, 1000.000000000000000 ) ;
#3600 = DIRECTION ( 'NONE',  ( 0.000000000000000000, 1.000000000000000000, -0.000000000000000000 ) ) ;
#3601 = EDGE_CURVE ( 'NONE', #3151, #1252, #2585, .T. ) ;
#3602 = CIRCLE ( 'NONE', #2025, 2.999999999999999112 ) ;
#3603 = LINE ( 'NONE', #3384, #877 ) ;
#3604 = VERTEX_POINT ( 'NONE', #1446 ) ;
#3605 = CARTESIAN_POINT ( 'NONE',  ( -6.642813506556143822E-15, 1.348734881306911957E-30, 8.242640687119436649 ) ) ;
#3606 = ADVANCED_FACE ( 'NONE', ( #3469 ), #960, .F. ) ;
#3607 = ORIENTED_EDGE ( 'NONE', *, *, #1581, .F. ) ;
#3608 = CARTESIAN_POINT ( 'NONE',  ( 14.62132034355966503, 0.000000000000000000, 2.121320343559611743 ) ) ;
#3609 = CARTESIAN_POINT ( 'NONE',  ( 14.00000000000000888, 3.999999999999997335, 35.74264068711941178 ) ) ;
#3610 = DIRECTION ( 'NONE',  ( -1.000000000000000000, -0.000000000000000000, 4.336808689942017736E-16 ) ) ;
#3611 = ORIENTED_EDGE ( 'NONE', *, *, #3333, .T. ) ;
#3612 = DIRECTION ( 'NONE',  ( 0.000000000000000000, 0.000000000000000000, 1.000000000000000000 ) ) ;
#3613 = DIRECTION ( 'NONE',  ( -0.6949420556350817124, -0.1846918477339476450, 0.6949420556350776046 ) ) ;
#3614 = ORIENTED_EDGE ( 'NONE', *, *, #210, .F. ) ;
#3615 = CARTESIAN_POINT ( 'NONE',  ( -11.90258380183475495, 15.00535169487283760, 19.24264068711940112 ) ) ;
#3616 = EDGE_CURVE ( 'NONE', #2618, #1043, #2571, .T. ) ;
#3617 = CARTESIAN_POINT ( 'NONE',  ( 14.89647917781741882, 0.000000000000000000, 5.242640687119425991 ) ) ;
#3618 = CYLINDRICAL_SURFACE ( 'NONE', #2436, 2.061552812808828516 ) ;
ENDSEC;
END-ISO-10303-21;
